Segment,Aging,Year,N,1,2,3,4,5,6,7,8,9,10,11,12,13,14,15,16,17,18,19,20,21,22,23,24,25,26,27,28,29,30,31,32,33,34,35,36,37,38,39,40,41,42,43,44,45,46,47,48,49,50,51,52,53,54,55,56,57,58,59,60
CU,0,2014,218263,3.2071400099879495e-05,0.0001328672289852151,0.00035278540109867456,0.0018738860915501023,0.0034682928393726838,0.005200148444766177,0.007064871279144885,0.009053298085337414,0.01120208189202934,0.013511222699220666,0.0158020369920692,0.018115759427846226,0.02055318583543706,0.022912724557071055,0.0253455693360762,0.0276913631719531,0.030027993750658608,0.03229131827199296,0.034618785593527074,0.036964579429403975,0.039278301865181,0.041440830557630016,0.04351630830695079,0.04556429628475738,0.0475618863481213,0.0494540989540142,0.05125009735960745,0.05293613667914397,0.0544572373695954,0.0560104094601467,0.0575773264364551,0.05904802921246386,0.06049582384554414,0.06188405730701035,0.06327687239706226,0.06466052422994277,0.06597087000545214,0.0672674708952044,0.06844036781314286,0.06954454030229586,0.0705616618483206,0.0714871508226314,0.0722980990822998,0.07304032291318271,0.07377796511547995,0.07446520940333451,0.07507456600523223,0.07568392260712993,0.07622455478024219,0.07675144206759735,0.07720960492616706,0.07765860452756537,0.07811676738613507,0.07856576698753337,0.07900560333176031,0.07940420501871595,0.07977531693415743,0.08011893907808469,0.0804304898219121,0.08065957125119695
CU,0,2015,255698,2.3465181581396806e-05,6.257381755039148e-05,0.00019945404344187285,0.001623008392713279,0.003277303694201753,0.005142785629922799,0.0070395544744190405,0.00910840131717886,0.01116551556914798,0.01337515350139618,0.015588702297241274,0.017864824910636762,0.02004708679770667,0.022311476820311458,0.024568045115722453,0.026816791683939648,0.02903425134338165,0.03125171100282365,0.03341050770831215,0.035557571823009955,0.037626418665769774,0.0396483351453668,0.04175237976049871,0.04375865278570814,0.04566715422099508,0.04752090356592543,0.04927688132093329,0.05107196771191015,0.05282012373972421,0.054380558314887084,0.0558080235277554,0.05716509319587953,0.05841265868329045,0.0595272548084068,0.06057536625237585,0.061623477696344915,0.06262856964074807,0.06359064208558532,0.0645605362576164,0.06549132179367848,0.06636735523938396,0.06722383436710494,0.06800991795008174,0.06878426894226783,0.06953906561646943,0.07025084279110512,0.07091568960257805,0.07143583446096567,0.07194612131043561,0.07244343476542751,0.07287588124802917,0.07329967880097878,0.07373212528358043,0.07415592283653004,0.07457107145982762,0.07494729989969107,0.07529758155059842,0.07562191641254963,0.07591598002071875,0.07613220326201957
CU,0,2016,299541,3.67228526311924e-05,8.012258755896522e-05,0.00048407396650208156,0.0018194504258181683,0.0034786556765184066,0.005288090778891704,0.007174310027675677,0.00905719083531136,0.011043563318544041,0.013130089036225423,0.015253337606538003,0.017403293706036903,0.019599987981611867,0.021696529022738126,0.023756347211233188,0.025852888252359443,0.027865968264778444,0.029815617895379933,0.031701837144163914,0.033411119012088486,0.035103708674271636,0.03670949886659923,0.038195105177588375,0.03963731175364975,0.04110622585889745,0.042565124640700266,0.04403403874594797,0.04546622999856447,0.04686837528084637,0.048143659799493234,0.04930209887794993,0.050480568603296375,0.05158225418223215,0.052653893790833316,0.0536787952233584,0.054560143686507016,0.055551980245655774,0.05651824459149313,0.05743884427070304,0.05831377928328546,0.05912843693591962,0.0598974299219263,0.06058787968133372,0.06124545088076937,0.061892062560214414,0.062498489333027284,0.06305194509255227,0.0635378171454686,0.06399168617041959,0.06443401615236335,0.06481865091927097,0.06519559299084042,0.06558022775774804,0.06595716982931749,0.06632641920554881,0.06666105145275844,0.06697260561395363,0.06726108168913432,0.06752263333063149,0.0677149507140853
CU,0,2017,325631,4.91353710181156e-05,0.00012590938823392122,0.0006940371156308827,0.002023763093808636,0.003534675752615691,0.0052390589348065755,0.007007932291458737,0.008868934468769865,0.010760646252967316,0.012587867862703491,0.01432910257315796,0.016131756497385078,0.017894487932659974,0.019666432250000768,0.021438376567341558,0.023124333985400654,0.024807220442771116,0.026468610175321147,0.028025587244457684,0.029573351431528325,0.031161038107551182,0.032705731333933195,0.03415215381827897,0.03541124770061818,0.036874602197047524,0.03829504307188069,0.03966935180349798,0.041016839521617665,0.042303175328962814,0.04350475673365553,0.04463553066271456,0.04573090085395676,0.04676619197496432,0.04774140402573725,0.048684430860313044,0.04957917987059315,0.050480468610791744,0.05135851970391338,0.05219507499868336,0.05299013449510164,0.0537304195376957,0.054429208781938083,0.05505662525301556,0.055654164749279825,0.056241745253939684,0.05679280945605006,0.057295738532072475,0.057737253826534406,0.05814968774817198,0.058551636061632335,0.058901156334206554,0.059243686201329276,0.059593206473903496,0.05993573634102622,0.06027127580269747,0.060575358439837045,0.060858469860622176,0.06112061006505282,0.06135828385040329,0.06153304398669039
CU,0,2018,326584,4.2867991083457864e-05,0.00010104597898243637,0.0005450358866325355,0.0019902995860176863,0.003646841241457022,0.005447296866962253,0.007287558484187834,0.009207432084854129,0.01121304166768733,0.013319697229502976,0.015423290791955516,0.017456458369056658,0.019591169572603612,0.021704735919267887,0.023821060290742945,0.025902449681281407,0.027950742774090456,0.029960423519548533,0.03192045981841249,0.03382993232907873,0.03572193734927668,0.03753579833316908,0.03928898277122422,0.040945636340901925,0.04263769705435635,0.04428013721902912,0.045869235293761614,0.04742732052550557,0.04891469647523568,0.05030407184112201,0.05161157330151861,0.05287813780917035,0.05407523354852777,0.05520286051959088,0.05629327207906774,0.05732786052116523,0.05837001078105786,0.05938529160515213,0.06035259129389226,0.061271909847278205,0.062127893301996646,0.06293589562136091,0.063661370387916,0.06435229873701609,0.06503171161363118,0.06566890109113459,0.06625043245162715,0.06676095173179555,0.06723784454034037,0.06770261295544762,0.06810675940336697,0.06850282292232791,0.06890696937024726,0.06930303288920821,0.06969101347921078,0.0700426208889006,0.0703699795117153,0.07067308934765479,0.07094790893223994,0.07114998215619961
CU,1,2014,35773,0.0005031727839431972,0.002180415397087189,0.017946495960640706,0.02854107846700025,0.039079752886255,0.04942274900064295,0.0591787102004305,0.06882285522600844,0.0782154138596148,0.08665753501243954,0.0947642076426355,0.10264724792441228,0.10957985072540743,0.1167640399183742,0.12296983758700696,0.12934335951695414,0.1353534788807201,0.14119587398317165,0.14698236099851844,0.1526011237525508,0.1573533111564588,0.16241299303944315,0.16708131831269393,0.17147010315042072,0.17560730159617588,0.17907360299667344,0.18206468565678025,0.18497190618622986,0.18818662119475585,0.19120565789841498,0.19372152181813102,0.19626533978139934,0.19847370922203894,0.20068207866267854,0.20272272384200374,0.20462359880356693,0.2065244737651301,0.20839739468314086,0.2101864534704945,0.2115562016045621,0.2130377659128393,0.2144354680904593,0.21574930813742207,0.21695133201017527,0.21798563162161408,0.2188522069717385,0.21955105806054845,0.22022195510580608,0.22106057641237808,0.22173147345763566,0.22254214072065526,0.22326894585301765,0.22385598076761806,0.22444301568221844,0.22494618846616166,0.22544936125010484,0.2259245799904956,0.2263997987308864,0.2266793391664104,0.22698683364548686
CU,1,2015,32211,9.313588525658936e-05,0.0008071776722237744,0.021328117723758963,0.03706808233212257,0.05184564279283475,0.06541243674521126,0.07938281953369966,0.09294961348607618,0.10564713917605786,0.11688553599701965,0.1277513892769551,0.1374685666387259,0.14743410636118096,0.1561267889851293,0.16429170159262366,0.1718667535934929,0.17913135264350688,0.1856198193163826,0.19164260656297535,0.19723075967837075,0.2024153239576542,0.20822079413864827,0.21365372077861602,0.21858992269721525,0.2237744869764987,0.2283691906491571,0.23243612430536156,0.2356337896991711,0.23830368507652666,0.24112880692930985,0.2438607928968365,0.2458787370773959,0.2481139983235541,0.25019403309428456,0.25224302256992953,0.2540126043898047,0.25559591443916674,0.25727236037378537,0.25901089689857504,0.2605631616528515,0.2618981093415293,0.26320201173512153,0.26475427648939803,0.2659650429977337,0.2670516283257272,0.2680450777684642,0.268852255440688,0.2695662972276551,0.2705928253968389,0.2714140479321859,0.2724063584957302,0.2732960162423561,0.27401458596078476,0.27473315567921336,0.2753490725807236,0.27596498948223386,0.27654668877810457,0.2771283880739754,0.27747056413037,0.27784695779240415
CU,1,2016,33858,0.000118140469017662,0.007265638844586212,0.027290448343079917,0.04356429795026286,0.0569732411837675,0.06952566601689407,0.08163506409120444,0.09389213775178687,0.10511548230846476,0.11589580010632645,0.1269123988422234,0.13692480359147025,0.1457558036505405,0.15458680370961073,0.16306338236162798,0.17047669679248625,0.17747651958178273,0.18338354303266585,0.18890660995924155,0.1941933959477819,0.19945064681906788,0.204294406048792,0.20896095457498967,0.21365703821844173,0.21773288439955107,0.221424774056353,0.22470317207159315,0.2278043593833068,0.2307283359914939,0.2337704530686987,0.23675349991139466,0.2394707306988009,0.2426014531277689,0.24502333274263102,0.2475042825920019,0.2494240652135389,0.25133875130310224,0.2532856169908095,0.2552163928794448,0.25680928298756894,0.2583539036984772,0.25983416521309766,0.2613948757230779,0.26271423924697873,0.2638727047801599,0.2648863621216935,0.2657069418743635,0.2664631624307457,0.2674778736357371,0.26828964259973026,0.26927053009788865,0.27014994647554785,0.2708602443190418,0.2715705421625358,0.2721793688855307,0.2727881956085256,0.27336319862468733,0.27393820164084914,0.27427643870917967,0.2746484994843432
CU,1,2017,37544,0.0002397187300234392,0.009135947155337738,0.028073726827189432,0.04376198593650117,0.058011932665672276,0.07098337950138504,0.08379501385041553,0.09490198167483486,0.10571595994033668,0.1158374174302152,0.12529298955891754,0.13373641593863198,0.14191348817387595,0.14963775836352014,0.15669614319198807,0.16394097592158535,0.17046665246111228,0.17667270402727467,0.18250585979117834,0.1879927551672704,0.19321329639889195,0.19784785851267847,0.2024557852120179,0.20615810782015767,0.2107340117273815,0.21474424097940767,0.21826960624126443,0.2214212221773656,0.22445162211592443,0.22750222472074033,0.23032049666360002,0.23282562727947534,0.23542166989350743,0.23772477384681215,0.2399773711344742,0.24189662442889479,0.2437535266548681,0.24564163732161406,0.24751414376797373,0.24905896158622046,0.2505569667433082,0.2519925550188506,0.2535061643963247,0.2547857104680038,0.2559092143358196,0.2568922802201584,0.2576880954598613,0.2584214938180189,0.2594055817609664,0.2601928521153244,0.2611441371268403,0.26199701334406145,0.2626858749041247,0.2633747364641879,0.26396518922995643,0.26455564199572495,0.2651132918300618,0.26567094166439875,0.2659989709787146,0.26635980322446207
CU,1,2018,38648,0.00012937280066238873,0.0065203891533843926,0.02678016973711447,0.0431328917408404,0.05707927965224593,0.07071517284206169,0.08385944938936038,0.09625336369281724,0.10727592630925274,0.11734113020078657,0.12725108673152558,0.13679879942040984,0.1458509247410711,0.15452555717601965,0.16251453926753087,0.17017995602843125,0.1773523208569722,0.1839083707700639,0.19012544747965845,0.19602666279508527,0.2015041616061407,0.20694314073498055,0.2121278899611976,0.2168581069372708,0.22167150898747334,0.2258898767886442,0.2295982152335022,0.23291340604953573,0.23610108952649103,0.23931002422662606,0.2422745698601945,0.24490972153447757,0.2476405037130693,0.25006314315555533,0.2524326545400921,0.2544515207421638,0.2564047997363786,0.2583909069489835,0.26036060005239337,0.2619855968627065,0.2635613513454344,0.265071449391382,0.266663617983305,0.26800957493730176,0.2691913907993477,0.27022547967863786,0.2710625992475871,0.27183406237975594,0.27286922636444655,0.27369735755219904,0.2746980160707333,0.2755951581907985,0.2763197729800819,0.2770443877693653,0.27766548616017966,0.27828658455099403,0.278873177475652,0.27945977040031,0.2798048250618736,0.28018438518959354
CU,2,2014,13431,0.005509641873278237,0.06968952423497878,0.09880128061946243,0.12396694214876032,0.14615441888169162,0.16700171245625792,0.1856898220534584,0.20139974685429232,0.21509939691757876,0.2285756831211377,0.2401906038269675,0.25053979599434145,0.2609634427816246,0.2722060903879085,0.28255528255528256,0.29223438314347405,0.3007222098131189,0.3085399449035813,0.315166406075497,0.3217184126275036,0.3287916015188743,0.33519469883106245,0.34122552304370485,0.3465118010572556,0.35135135135135137,0.35544635544635544,0.3595413595413595,0.3635619090164545,0.3667634576725486,0.3695927332290969,0.3724964634055543,0.3756235574417393,0.3784528329982875,0.38150547241456334,0.38493038493038495,0.3879085697267515,0.39088675452311816,0.3931203931203931,0.3956518501973048,0.3979599434144889,0.4001935820117638,0.4021294021294021,0.4033951306678579,0.4043630407266771,0.40540540540540543,0.40637331546422456,0.4073412255230437,0.4082346809619537,0.40927704564068196,0.4100215918397737,0.4108405926587745,0.41136177499813853,0.4118829573375028,0.4125530489166853,0.4129253220162311,0.4133720497356861,0.4139676866949594,0.4145633236542328,0.4151589606135061,0.4156801429528702
CU,2,2015,14981,0.0011347707095654494,0.0795007008877912,0.11834990988585542,0.14898871904412256,0.17595621120085442,0.19978639610172885,0.2212135371470529,0.24123890260997266,0.25859421934450305,0.2750150190240972,0.290768306521594,0.3055870769641546,0.3179360523329551,0.32821573993725384,0.3368266470863093,0.3444362859622188,0.3508444029103531,0.35725251985848744,0.3646619050797677,0.3716040317735799,0.3782791535945531,0.3841532607970096,0.3892263533809492,0.39436619718309857,0.3988385288031507,0.4030438555503638,0.40691542620652826,0.41011948468059545,0.4135237968092917,0.4171951138108271,0.4199986649756358,0.4231359722314933,0.4262065282691409,0.4288765769975302,0.4313463720712903,0.4337494159268407,0.4362859622188105,0.4387557572925706,0.4405580401842333,0.44256057673052535,0.4444963620586076,0.4462318937320606,0.4473666644416261,0.4489019424604499,0.45037046926106394,0.4516387424070489,0.4528402643348241,0.4540417862625993,0.4552011123628502,0.4560292024344582,0.4569401015132268,0.4575197645633521,0.45809942761347777,0.45884470867792493,0.45925875371372876,0.45975560775669344,0.4604180798139797,0.46108055187126606,0.46174302392855227,0.4623226869786778
CU,2,2016,14562,0.020326878176074717,0.0872819667628073,0.12374673808542785,0.15142150803461066,0.17792885592638374,0.2015519846174976,0.22380167559401185,0.24392253811289655,0.2618459002884219,0.2790825436066474,0.2939156709243236,0.3068259854415602,0.319324268644417,0.3302430984754841,0.3404752094492515,0.34981458590852904,0.3589479467106167,0.36718857299821456,0.3735750583711029,0.3799615437439912,0.3853866227166598,0.38991896717483865,0.3946573272902074,0.3992583436341162,0.403790688092295,0.4080483450075539,0.4121686581513528,0.4164263150666117,0.41917319049581103,0.4220574096964703,0.4248042851256695,0.426933113583299,0.4289245982694685,0.4312594423842879,0.4331135832989974,0.4348303804422469,0.4377272688667853,0.44021562174427337,0.4424811370506431,0.4447466523570129,0.4469378884730099,0.4488691474227022,0.4501318936590394,0.4514689190857494,0.4528059445124594,0.4539944115584239,0.45514573900920197,0.4562599268647936,0.45742491664704904,0.4582570522058031,0.45917240132043236,0.4597548962115599,0.46033739110268784,0.46108631310556647,0.46150238088494333,0.4620016622201957,0.4626673706671988,0.463333079114202,0.46399878756120505,0.4645812824523328
CU,2,2017,15407,0.028233919646913738,0.09132212630622444,0.12507301875770754,0.15460504965275526,0.18043746349062115,0.2036736548322191,0.22204192899331476,0.2387226585318362,0.2537158434477835,0.2667618614915298,0.2788342960991757,0.2903225806451613,0.3009021873174531,0.31063802167845783,0.3195949892905822,0.3270591289673525,0.3339391185824625,0.3408191081975725,0.3470500421886156,0.35276173168040503,0.3580190822353476,0.36288699941585,0.3677549165963523,0.3723632115272279,0.3768654047296211,0.3809583076408877,0.38489204210560496,0.3886211314247589,0.3916680702587018,0.3947377474421518,0.39748908773250313,0.40021768967334753,0.4027871231676426,0.4054020333609517,0.4079032518067257,0.41019982510693637,0.41293262202855757,0.4152800245125142,0.4174172118486539,0.41955439918479354,0.4216215148049942,0.42344337941940835,0.4246345985903714,0.42589588947727347,0.4271571803641756,0.4282783278191997,0.4293644394162543,0.4304155151553393,0.43151451519403605,0.43229951522167676,0.43316301525208134,0.43371251527142957,0.4342620152907781,0.4349685153156547,0.4353610153294749,0.43583201534605925,0.4364600153681717,0.43708801539028425,0.43771601541239663,0.438265515431745
CU,2,2018,14831,0.02123929606904457,0.09507113478524712,0.1347852471175241,0.1671498887465444,0.19830085631447644,0.2255410963522352,0.24779178747218664,0.26626660373541905,0.2831231879172005,0.29910322972152925,0.3121165127098645,0.3231744319331131,0.3359988141526811,0.34775130770912105,0.3583744899954796,0.3678492201427723,0.3764434703167813,0.3846166213731328,0.39206241940807596,0.3992019635392683,0.4059969720287409,0.41202634575883634,0.4177877473231497,0.4232620358526966,0.42837963985238114,0.43303200712482165,0.4375034490033339,0.44174227251822407,0.44520570148770755,0.44869497694203797,0.4518224016085118,0.4549239797901388,0.45784463257783753,0.46081697833523,0.46366009166838806,0.4662705866379241,0.4693769332178488,0.47204520528009175,0.4744745276054174,0.47690384993074314,0.4792535223437631,0.4813244200637129,0.4826784685729108,0.4841121669944145,0.4855458654159182,0.4868202640128104,0.48805483765354973,0.4892495863381361,0.49049881015880603,0.4913911128878562,0.49237264588981117,0.49299725780014597,0.49362186971048116,0.4944249421666263,0.4948710935311512,0.4954064751685812,0.4961203173518212,0.4968341595350613,0.4975480017183012,0.49817261362863624
CU,3,2014,2412,0.3992537313432836,0.4560530679933665,0.4912935323383085,0.5153399668325042,0.5368988391376451,0.5576285240464345,0.5717247097844113,0.5829187396351575,0.5957711442786071,0.6044776119402985,0.6131840796019901,0.6231343283582089,0.62893864013267,0.632669983416252,0.6364013266998342,0.6413764510779436,0.6480099502487562,0.6521558872305141,0.6583747927031509,0.662106135986733,0.6641791044776121,0.6666666666666666,0.6670812603648425,0.6699834162520729,0.6724709784411277,0.6749585406301825,0.6774461028192371,0.6791044776119403,0.6795190713101161,0.6803482587064676,0.681592039800995,0.6828358208955224,0.6836650082918739,0.6857379767827528,0.6857379767827528,0.6861525704809287,0.6869817578772802,0.6886401326699834,0.6898839137645107,0.6907131011608624,0.6911276948590381,0.6915422885572139,0.6919568822553898,0.6927860696517413,0.6936152570480929,0.6940298507462687,0.6940298507462687,0.6940298507462687,0.6940298507462687,0.6948590381426202,0.6956882255389718,0.6965174129353234,0.6969320066334992,0.6973466003316751,0.6981757877280266,0.6985903814262023,0.6990049751243781,0.6990049751243781,0.6998341625207297,0.7002487562189055
CU,3,2015,3137,0.464456487089576,0.5358622888109659,0.5887790883009244,0.6254383168632451,0.6550844756136436,0.677398788651578,0.6971628944851769,0.7102327064073956,0.7233025183296142,0.7350972266496653,0.7405164169588779,0.7472107108702583,0.7548613324832643,0.7605992986930188,0.7663372649027733,0.7711189034109022,0.7739878865157794,0.7771756455211986,0.7803634045266178,0.7819572840293274,0.7841887153331208,0.7867389225374561,0.7883328020401658,0.7896079056423334,0.791201785145043,0.7924768887472107,0.7947083200510041,0.7959834236531719,0.7988524067580491,0.7998087344596748,0.8010838380618426,0.8026777175645521,0.8042715970672617,0.8065030283710551,0.8077781319732228,0.8087344596748486,0.8096907873764744,0.8106471150781001,0.8116034427797258,0.8119222186802678,0.8122409945808097,0.8122409945808097,0.8125597704813516,0.8125597704813516,0.8125597704813516,0.8128785463818935,0.8128785463818935,0.8131973222824355,0.8131973222824355,0.8141688841967513,0.8151404461110674,0.8161120080253834,0.8165977889825412,0.8170835699396993,0.8180551318540151,0.8185409128111731,0.8190266937683311,0.8190266937683311,0.8199982556826472,0.8204840366398052
CU,3,2016,2923,0.4303797468354431,0.5237769414984604,0.5774888812863497,0.6140951077659939,0.6428327061238454,0.6674649332877179,0.6879917892576121,0.7013342456380431,0.7129661306876497,0.7239137872049265,0.7314403010605542,0.7379404721176873,0.7437564146424905,0.7502565856996237,0.755730413958262,0.7615463564830653,0.7673622990078687,0.7718097844680123,0.7765993841943208,0.7807047553882996,0.7841258980499487,0.7902839548409168,0.7926787547040711,0.7937050975025659,0.7957577830995552,0.7978104686965446,0.7988368114950394,0.8002052685596991,0.8022579541566883,0.8036264112213479,0.8053369825521725,0.8073896681491618,0.8094423537461513,0.8104686965446459,0.8118371536093055,0.8125213821416353,0.8134905154695713,0.814847302128682,0.8160102621222053,0.8165917421189669,0.8169793954501413,0.8171732221157285,0.8175608754469029,0.8179485287780773,0.8183361821092519,0.8187238354404263,0.8187238354404263,0.8189176621060135,0.8189176621060135,0.819896058357036,0.820874454608059,0.8218528508590818,0.822342048984593,0.8228312471101045,0.823809643361127,0.8242988414866385,0.8247880396121499,0.8247880396121499,0.8257664358631727,0.8262556339886841
CU,3,2017,3005,0.4212978369384359,0.5214642262895175,0.5850249584026622,0.6242928452579035,0.6599001663893511,0.6845257903494176,0.7034941763727122,0.7171381031613977,0.7297836938435941,0.7404326123128121,0.7484193011647254,0.7567387687188021,0.7640599001663894,0.7703826955074875,0.7757071547420965,0.7823627287853577,0.7883527454242929,0.7926788685524127,0.7970049916805324,0.8019966722129783,0.8056572379367719,0.8096505823627288,0.8133111480865225,0.8153078202995009,0.8174690916148121,0.8195032293233404,0.8215373670318687,0.823062970313265,0.8250971080217934,0.8262413104828406,0.8277669137642368,0.829546784259199,0.8311995211473783,0.8331065252491237,0.8341235941033878,0.834886395744086,0.835882204899315,0.8372763377166358,0.8384713087029106,0.8390687941960481,0.8394671178581397,0.8396662796891855,0.8400646033512772,0.8404629270133688,0.8408612506754605,0.841259574337552,0.841259574337552,0.8414587361685979,0.8414587361685979,0.8424640632130047,0.8434693902574117,0.8444747173018188,0.8449773808240221,0.8454800443462257,0.8464853713906325,0.846988034912836,0.8474906984350395,0.8474906984350395,0.8484960254794466,0.8489986890016501
CU,3,2018,2886,0.4331254331254331,0.5252945252945252,0.5786555786555787,0.6167706167706167,0.6444906444906445,0.6652806652806653,0.683991683991684,0.6995841995841996,0.7162162162162162,0.7283437283437283,0.7376992376992377,0.7453222453222453,0.7522550567368156,0.7581074300088555,0.7634195842096301,0.7691819209697924,0.7745841116824446,0.7787257912288111,0.783407689846443,0.787099186833422,0.7900703917253806,0.7940319982479922,0.796192874533053,0.7979936047706037,0.8001089784305288,0.8020999183457526,0.8040908582609763,0.8055840631973941,0.8075750031126178,0.8086949068149311,0.8101881117513489,0.8119301841771696,0.8135478228582889,0.8154143290288112,0.816409798986423,0.8171564014546319,0.818131063193008,0.8194955896267347,0.8206651837127862,0.8212499807558119,0.8216398454511624,0.8218347777988376,0.8222246424941881,0.8226145071895387,0.8230043718848892,0.8233942365802396,0.8233942365802396,0.8235891689279148,0.8235891689279148,0.8245731464296207,0.8255571239313269,0.8265411014330329,0.8270330901838857,0.8275250789347388,0.8285090564364447,0.8290010451872977,0.8294930339381507,0.8294930339381507,0.8304770114398567,0.8309690001907097
HU,0,2014,784923,4.459036109274413e-05,0.00014014113486291013,0.0003032144554306601,0.0012154058423565115,0.002242258157806562,0.003419443690655007,0.004713838172661522,0.00607320718083175,0.007535771024673758,0.009053117312143994,0.010636712136094878,0.012182086650537695,0.013751667361002291,0.015362016401608818,0.016964721380313737,0.01856870036933559,0.020235105863887284,0.02185055094576156,0.023464722017318897,0.02508271511982704,0.026652295830291637,0.028232068623291712,0.029774895117100655,0.031288419373620084,0.03276627134126532,0.03424539731922749,0.035713057204337234,0.03715905891405909,0.03855919625237125,0.03989690708515357,0.04114671120606735,0.042381227203177885,0.043599181066168266,0.04479420274345382,0.04595227812154823,0.047041556942528116,0.04810280753653543,0.049095261573428216,0.050020193063523434,0.05085976586238395,0.05167131043427189,0.052431894593482416,0.053159354484452616,0.05386643021035184,0.05454292968864462,0.055148084589189,0.055723937252443866,0.0562590215855568,0.05678773586708505,0.057275681818471376,0.05774324360478671,0.05818532518476335,0.05861211864093675,0.05901980194235613,0.05940200503743679,0.05975872792617875,0.06008487456731425,0.06039063704337878,0.06067856337500621,0.06091298127332235
HU,0,2015,888469,1.9134038441408758e-05,6.415530536237055e-05,0.0001530723075312701,0.0010681295576998183,0.00216777400224431,0.003394603525840519,0.004719354304989818,0.006099256136117299,0.0074543962704382485,0.00882641937985456,0.010264848857979288,0.01171228258948821,0.013166469511035277,0.014672430889541448,0.01620315396485415,0.01771699406507149,0.01922295544357766,0.020704155125277304,0.02215946757849739,0.023574260891488612,0.024985677609460768,0.026353198592184983,0.027673447244642192,0.02894417250348633,0.03018113181213976,0.03132917411862428,0.03242431643647668,0.03347443748740812,0.03445365004293904,0.03541597962337459,0.03633441346856221,0.0372280856169433,0.03809249394182577,0.03888599377130772,0.03964685318227198,0.040369444516353416,0.041054893305225056,0.04172345911900134,0.0423582589825869,0.04298292906111524,0.04356933106276077,0.0441275947725807,0.044647590405517815,0.04513156902491815,0.04559191147918498,0.0460376220217025,0.04646982618414373,0.046834498446203535,0.047274642399988145,0.04768084754287852,0.048070083280321765,0.04843810726095613,0.04879340418750514,0.049132792296447486,0.04945096864858094,0.04974793324390549,0.05001944373105936,0.050273984812766126,0.050513677664706665,0.05070882582734852
HU,0,2016,904604,4.974552400829535e-05,0.00013486564286693402,0.00045434245260909744,0.0013740819187180247,0.0024541125177425702,0.003599365026022436,0.004762304831727474,0.005983833810153393,0.007246264663875021,0.008547386480714214,0.009807606422257696,0.011054560890732298,0.012294882622672462,0.013496513391495064,0.014712515089475615,0.01588761491216046,0.017021812859549592,0.018121741668177455,0.019216143196359958,0.02023205734221825,0.02120485870060269,0.022104699957108304,0.022948162953071182,0.02382147326343903,0.024650565330243956,0.0254785519409598,0.0262755857811816,0.02704608867526564,0.027816591569349684,0.028546192588138012,0.029217204434205463,0.02986279079022423,0.030477424375748945,0.03107547611993756,0.031646996917988425,0.03216324491158562,0.03280040333999718,0.033407073605052025,0.03397706970259081,0.034513484634693205,0.035025155550158255,0.03550810573202638,0.03596454446749736,0.03639977404585062,0.036815120039406006,0.03719997786960467,0.03756937068940499,0.03789811262472969,0.03825427369584233,0.03858297174460411,0.03889793828219046,0.039195740430807535,0.03948324394604303,0.039757874169551566,0.04001534000409082,0.04025564144966079,0.04047534562846762,0.04068131829609903,0.040875275891451936,0.04103318826996935
HU,0,2017,879753,5.001403803112919e-05,0.00012048836434772032,0.0004637665344704707,0.00137083931512595,0.002355206518193175,0.003361170692228387,0.004397825298691792,0.005495860770011583,0.0065904861932837965,0.007665788010953073,0.00871039939619416,0.00974023390656241,0.010773478464978238,0.011835140090457209,0.01288088815838082,0.013939139735812213,0.014953060688625104,0.0159362912090098,0.016863824277950742,0.01776066691446349,0.018613178926357738,0.019463417572886936,0.02028864920040057,0.021008169338439308,0.021888287147797794,0.022745297842852744,0.023577738948015344,0.024386487948638878,0.025166279932603557,0.025916529909673847,0.026619688172783786,0.02730617421418105,0.027973063082687977,0.028611872419889352,0.029226697157433895,0.029801157568726703,0.03039152271296299,0.030953638762225424,0.03148177401608452,0.03197879432475502,0.032452887831707605,0.032900369872380465,0.033323287482641274,0.033726553548572444,0.03411139629169457,0.03446798993984285,0.03481025433691742,0.035114853274026865,0.03544485766970433,0.03574941594330546,0.03604125115586842,0.03631718254213368,0.036583571632620306,0.03683803285338365,0.03707659024784929,0.037299243816017215,0.03750281279262789,0.0376936587082004,0.03787337194536452,0.038019687147303444
HU,0,2018,774931,5.5488811261905894e-05,0.00012517243470709004,0.0004219730530847263,0.0014194812183278252,0.0025524853180476713,0.0037603347910975297,0.005004316513341188,0.0062973348594907155,0.007581320143341794,0.008905308988800294,0.01023445958414362,0.01157135280431419,0.012939064666255988,0.014327194619660366,0.015719828563828548,0.01710045186595992,0.018470866122360003,0.019805248452649655,0.021116210030967527,0.022387836756614845,0.023623731822202648,0.024829900548749343,0.025992830963963525,0.02711582599440531,0.028251818426143528,0.029357985865489804,0.03043244065469784,0.03147631538841541,0.032482814498755744,0.03345118292262032,0.03435876876705325,0.035244835313178076,0.036105607245502144,0.03693013614909678,0.037723707465651686,0.03846517942840803,0.03922718007046219,0.03995271882326411,0.04063439762232782,0.0412759154998963,0.04188784111952094,0.042465418582603595,0.04301129005503213,0.043531796734937366,0.044028523921852004,0.044488789219514394,0.04493055935596188,0.04532371364007305,0.045749659453171866,0.046142761251766674,0.04651944104310947,0.04687559332538728,0.04721942910222607,0.04754786924726611,0.047855781883241154,0.04814316701015119,0.04840591912618323,0.048652249234963266,0.0488842100873978,0.049073063170795836
HU,1,2014,87703,0.0006271165182490907,0.001949762265828991,0.015210426097168854,0.02481100988563675,0.034365985200050166,0.04320262704810554,0.0515147714445344,0.05975850312988154,0.06750054160062939,0.07527678642691812,0.08242591473495775,0.08955223880597014,0.09670136711400977,0.10322337890380033,0.1098138034046726,0.11624459824635418,0.12183163631802787,0.12746428286375608,0.13285748492069827,0.13829629545169492,0.14314219581998336,0.14803370466232627,0.15284539867507382,0.1576570926878214,0.16238897187097362,0.16694981927642155,0.17119140736348815,0.17494270435446907,0.17889923947869515,0.1827189491807578,0.18664127794944305,0.1901987389256924,0.19352815753166935,0.19666374012291485,0.19958268246240152,0.2023762014982384,0.20495308028231649,0.20741593788125834,0.20984458912465934,0.21223903401251956,0.21401776450064425,0.21581929922579612,0.21742699793621656,0.2189320775800144,0.22034594027570326,0.22158877119368775,0.22276318940059064,0.2240060203185752,0.22505501522182825,0.22605840165102675,0.2269933753691436,0.22779152366509695,0.2286922910276729,0.2295132435606536,0.2302999897380933,0.2309157041378288,0.23147440794499616,0.23202170963364996,0.2325120007297356,0.2328654664036578
HU,1,2015,88654,0.000236875944683827,0.0006203893789338326,0.016479797865860537,0.027500169197103345,0.037933990570081434,0.04757822546078011,0.0572562997721479,0.06652830103548628,0.07524759176122905,0.08388792383874387,0.09190786653732487,0.10011956595303087,0.10821846729983983,0.11555034177814875,0.1223407855257518,0.1288830735217813,0.13551559997292847,0.14199020912761973,0.1480925846549507,0.15398064385137727,0.15922575405509054,0.16425654792789948,0.1693099014144878,0.1739910212737158,0.1780743113677894,0.18204480339296591,0.18580097908723806,0.18938795767816452,0.1927718997450764,0.1957948879915176,0.19875019739662056,0.2014009520157015,0.20380355088320887,0.20602567284048096,0.2080560380806281,0.2101540821621134,0.2122070070160399,0.214045615539062,0.2158052654138561,0.21730547973018705,0.2187605748189591,0.22011415164572384,0.2212082929140253,0.222257314954768,0.22330633699551064,0.22436663884314303,0.2252351839736504,0.2260022108421504,0.22706055368025882,0.2280728816123625,0.22901618718545916,0.22982144804054164,0.2307302424341347,0.23155851074221961,0.23235226787080082,0.2329734691018645,0.2335371517004222,0.23408933057247883,0.23458399081202944,0.23494060633356595
HU,1,2016,87779,0.0004784743503571469,0.0049214504608163685,0.019480741407398125,0.030656535162168624,0.04128550108795954,0.05150434614201575,0.06168901445676073,0.07043825972043427,0.0787432073730619,0.08677474111119972,0.09476070586358924,0.10225680401918456,0.10888709144556216,0.11519839597170164,0.12112236411898065,0.12665899588739904,0.13183107576983105,0.13661581927340252,0.14097904965880226,0.1451144351154604,0.14920425158637032,0.15279280921404892,0.15632440560954214,0.1595256268583602,0.16271545586074118,0.1657457934130031,0.16863942400802015,0.17154444684947426,0.17411909454425314,0.17644311281741645,0.17858485514758654,0.18032786885245905,0.18196835233939784,0.1835404823477141,0.1851581813417788,0.1863429749712346,0.18843280272792132,0.19037408880582393,0.19226415361518034,0.19402104312631652,0.1954808492798844,0.19690480054546997,0.19812386673687055,0.19927634527916108,0.20038784680661453,0.2014276385581033,0.20234962139193569,0.2032562378452042,0.2042080638597496,0.20511850613453214,0.20596687279967044,0.20669108824552018,0.2075084171058363,0.20825332442156755,0.2089671939324765,0.20952587441927495,0.21003282523136974,0.2105294301085239,0.2109743053109744,0.21129502929413643
HU,1,2017,84671,0.00021258754473196253,0.005810726222673643,0.01968796872601009,0.029502427041135686,0.03860826020715475,0.04741883289437942,0.0563238889348183,0.06435497395802578,0.07209079850243885,0.07883454783810277,0.08495234495872259,0.09118824627086017,0.09719974961911397,0.10272702578214503,0.1080299039812923,0.11288398625267212,0.1177498789432037,0.12209611319105715,0.1261116557026609,0.12966659186734536,0.13319790719372632,0.1365048245562235,0.13952829185907809,0.14211477365331696,0.1455875586666462,0.14893220875516952,0.15208301370103774,0.1550465445260358,0.15791479553515256,0.16056620282536704,0.16317489847397956,0.16547475609870094,0.16760705266790688,0.1696112143123069,0.17151023960814823,0.17326798793561385,0.1752111803236768,0.17701625364494114,0.17877369970179222,0.1804073148711687,0.18176469190694794,0.18308872985763788,0.1842222587506746,0.18529387219997406,0.1863273838377428,0.18729421730533297,0.18815150806477252,0.18899451064488806,0.18987955060107914,0.19072611055917493,0.19151495052012787,0.19218835048679497,0.19294833044917642,0.19364097041489123,0.19430475038203446,0.19482423035632057,0.1952956103329875,0.19575737031013074,0.19617103028965477,0.19646925027489304
HU,1,2018,74298,0.00010767449998654068,0.0053298877493337645,0.02102344612237207,0.033325257745834336,0.04453686505693289,0.05537161161807855,0.06576220086677972,0.07519717892810035,0.08379767961452529,0.09210207542598724,0.09985463942501817,0.10647662117419042,0.11423612843419963,0.12138404891509481,0.12822936135424087,0.1347306562301353,0.1409229723686648,0.1468349779001004,0.15236792704239757,0.15766516044691126,0.1625960788535181,0.16727854013110988,0.17185269958323354,0.1761115096023765,0.18041505521906157,0.18455981343834765,0.18846435482567117,0.1921368223244885,0.19569121714318863,0.198976894827829,0.20220964338000302,0.20505967358972824,0.2077020587413163,0.21018565649550544,0.2125389671543928,0.21471720452896847,0.21712524794424662,0.21936213141088978,0.2215399942055899,0.22356440325323798,0.22524649240361605,0.226887267083634,0.22829195907587957,0.22961992419459917,0.23090067277576423,0.232098792416209,0.23316116451118465,0.23420583040457738,0.23530258986692196,0.23635166413525152,0.23732921061255866,0.2381637015078208,0.23910548408961665,0.2399638175818864,0.24078638717864473,0.24143013729784701,0.24201428092453048,0.2425865032527103,0.24309911908837128,0.24346867934198738
HU,2,2014,26105,0.005746025665581306,0.07293621911511204,0.10511396284236736,0.13154568090404134,0.15410840835089062,0.1765945221221988,0.19666730511396285,0.21497797356828194,0.23202451637617316,0.24796016088871864,0.2623635318904424,0.2768052097299368,0.2900976824363149,0.3020877226584945,0.3124305688565409,0.3228500287301283,0.33215859030836997,0.3413139245355296,0.3500478835472132,0.3578241716146332,0.3656004596820533,0.3729170656962268,0.3800421375215476,0.3860946178892932,0.3918406435548745,0.3975866692204558,0.403179467534955,0.4091936410649301,0.4148630530549703,0.4205707718827811,0.4254740471174104,0.4303007086764988,0.4349358360467344,0.4393794292281173,0.4434399540317947,0.4478835472131776,0.451446083125838,0.4545872438230224,0.4576134840068952,0.4600651216242099,0.4624401455659835,0.4644704079678222,0.46650067036966103,0.4684543190959586,0.4702547404711741,0.4718636276575369,0.4730128327906532,0.4741237310859989,0.4752346293813446,0.4762689140011492,0.4772265849454128,0.4782225627274469,0.47929515418502205,0.4803294388048266,0.4812104960735492,0.4819383259911894,0.4826661559088297,0.4833556789886994,0.4841601225818809,0.4849262593372917
HU,2,2015,36145,0.0005533268778530917,0.07016184811177202,0.10485544335316087,0.13465209572554987,0.16029879651404064,0.18315119656937334,0.20331996126711852,0.22207774242633835,0.2398948678932079,0.25638400885323004,0.271683497025868,0.2857656660672292,0.2983261861944944,0.3108313736339743,0.3225895697883525,0.33371144003319964,0.3438096555540185,0.3532162124775211,0.3617374463964587,0.3697606861253285,0.3775072624152718,0.3848388435468253,0.3914787660810624,0.3975100290496611,0.4031816295476553,0.4084659012311523,0.4136395075390787,0.4185087840641859,0.42290773274311794,0.4271130170148015,0.4308203070964172,0.4342232673952137,0.4373495642550837,0.4402268640199198,0.4429934984091852,0.4455941347350947,0.4480841056854337,0.45035274588463137,0.4522617236132245,0.4540323696223544,0.4561626781020888,0.4583483192696085,0.460229630654309,0.4620556093512242,0.4634942592336423,0.4647669110527044,0.4660118965278738,0.46711855028358007,0.4682130350503429,0.4692320381090532,0.4701755594597109,0.4711568216643949,0.47221356557713134,0.47323256863584157,0.4741006082784467,0.4748176845049464,0.47553476073144624,0.4762140961039197,0.4770066540384722,0.4777614711189983
HU,2,2016,37905,0.013533834586466164,0.0677746999076639,0.09829837752275424,0.12338741590819155,0.1459701886294684,0.16691729323308271,0.18562194961086928,0.2031394275161588,0.21931143648595167,0.23390054082574854,0.2473024666930484,0.2591214879303522,0.27101965439915576,0.2812821527502968,0.28988260123994203,0.2985094314734204,0.3060282284659016,0.3131249175570505,0.3195620630523678,0.3261838807545179,0.3322780635800026,0.3381084289671547,0.34343754122147474,0.3480543463922965,0.3527502967946181,0.3570505210394407,0.3609022556390977,0.36435826408125577,0.3674713098535813,0.3709009365519061,0.3740667458118982,0.37659939321989183,0.3790265136525524,0.3815063975728796,0.3835641735918745,0.3853581321725366,0.38789502468953696,0.39016852399438967,0.3922202184890129,0.3939946569708492,0.3959215862597183,0.3977514759441119,0.39942887482147277,0.4010508224962762,0.40242323975957145,0.40364316621583385,0.4046828762637848,0.4056394095078996,0.4065898452254183,0.4074747336520737,0.4082940747878658,0.4091461895690895,0.4100638516411765,0.41094874006783183,0.41170253391276057,0.4123252331759624,0.4129479324391644,0.4135378580569346,0.41422610461099996,0.4148815775196335
HU,2,2017,35721,0.018840457993897147,0.06788723719940651,0.09294252680496068,0.1149463900786652,0.13392682175750958,0.15229136922258615,0.16830435878054925,0.1832535483329134,0.19660703787687914,0.20847680636040425,0.22003863273704544,0.2309845748999188,0.24050278547633044,0.2491531592060693,0.2569636908261247,0.2646062540242434,0.2714089751126788,0.27787575935724085,0.28372665938803504,0.28893368046807205,0.2941127068111195,0.2985918647294309,0.30321099633268944,0.30704627530024353,0.3113941941295483,0.315505547018797,0.31941296375282513,0.3231980187937208,0.3266649334324722,0.33018079274847656,0.33329693720024844,0.3361112561422937,0.3387705836063713,0.34133202171594296,0.34364873643924976,0.34591650648530364,0.3481937465992259,0.35023455194722175,0.35207625433443757,0.35366907802067826,0.3553987849924553,0.357041384418891,0.3585471005597904,0.3600030409604948,0.36123499053032154,0.362330056814612,0.36326335194326864,0.3641219834616327,0.36497514153874244,0.3657694611277757,0.3665049422287324,0.3672698425737274,0.3680935814067989,0.3688879009958321,0.3695645436087123,0.37012350924543935,0.37068247488216644,0.3712120212748552,0.37182982539965886,0.3724182102804242
HU,2,2018,28951,0.017443266208421127,0.07512693862042763,0.10797554488618699,0.13484853718351694,0.1596490622085593,0.181859003143242,0.2002348796241926,0.21636558322683155,0.2312182653448931,0.2440330213118718,0.2555006735518635,0.26565576318607304,0.277526313735984,0.2884349917853055,0.2981282805509364,0.3076277035412545,0.3160981466472212,0.3241435763226948,0.3315179321605478,0.33845236181596067,0.34515564381619307,0.35139663050606457,0.35730953665309934,0.3624395233229101,0.3675718364454157,0.3724249055143516,0.3770372469508998,0.38150515180801536,0.3855975215586061,0.3897476659409699,0.3934259841638538,0.39674802549080396,0.3998871138171395,0.4029106528799289,0.40564531878385307,0.4083222100560042,0.41101027986103517,0.41341926045133603,0.41559321854502224,0.41747339851794,0.41951515645728044,0.4214540920543519,0.4232314496850007,0.42495005169149586,0.42640425338929944,0.4276968771206804,0.4287985450735619,0.42981207959021284,0.43081915321937303,0.43175677349479813,0.4326249404164881,0.4335278340150456,0.43450018096733817,0.43543780124276316,0.4362365148107179,0.4368963216712021,0.43755612853168646,0.43818120871530314,0.4389104689295227,0.43960500246687456
HU,3,2014,4447,0.4277040701596582,0.4926917022711941,0.5295704969642455,0.5547560152912075,0.5828648527096919,0.602428603552957,0.6177198111086125,0.6291882167753542,0.6402068810434001,0.6503260625140544,0.6608949853834045,0.6689903305599281,0.6775354171351473,0.6849561502136272,0.692376883292107,0.6979986507758039,0.7038452889588487,0.7078929615471105,0.7117157634360243,0.7155385653249382,0.7198111086125478,0.7238587812008095,0.7265572295929841,0.7292556779851586,0.7330784798740724,0.7357769282662469,0.7378007645603778,0.7402743422532044,0.7436474027434226,0.7452214976388577,0.7472453339329885,0.7490442995277715,0.7515178772205982,0.7524173600179896,0.7537665842140769,0.7548909377108163,0.7560152912075556,0.7580391275016866,0.7593883516977737,0.7609624465932089,0.7616370586912525,0.7620868000899483,0.7634360242860355,0.764335507083427,0.7652349898808185,0.76613447267821,0.7674836968742973,0.7681583089723409,0.7683831796716888,0.7686080503710366,0.7708567573645154,0.7722059815606026,0.7728805936586463,0.7737800764560377,0.7742298178547335,0.7744546885540814,0.7746795592534292,0.775129300652125,0.775129300652125,0.7753541713514729
HU,3,2015,7644,0.4256933542647828,0.501046572475144,0.5532443746729461,0.5886970172684458,0.6161695447409733,0.6397174254317112,0.6597331240188383,0.6746467817896389,0.6870748299319728,0.7005494505494505,0.7121925693354265,0.7214809000523287,0.7297226582940869,0.7356096284667714,0.7434589220303506,0.750392464678179,0.7565410779696494,0.7605965463108321,0.7655677655677655,0.7693615907901622,0.7730245944531658,0.7760334903192047,0.7783882783882784,0.7812663526949242,0.7832286760858189,0.7855834641548928,0.7878074306645735,0.7897697540554683,0.7916012558869702,0.793040293040293,0.7944793301936159,0.7963108320251178,0.7982731554160125,0.7990580847723705,0.8003663003663004,0.8011512297226583,0.8018053375196232,0.8023286237571952,0.8035060177917321,0.8048142333856619,0.8059916274201988,0.8067765567765568,0.8080847723704867,0.8084772370486656,0.8087388801674515,0.8088697017268446,0.8095238095238095,0.8099162742019885,0.8101533691300337,0.8103904640580787,0.8127614133385295,0.8141839829067999,0.8148952676909351,0.8158436474031154,0.8163178372592057,0.8165549321872507,0.8167920271152959,0.8172662169713859,0.8172662169713859,0.8175033118994309
HU,3,2016,7223,0.3739443444552125,0.4632424200470718,0.5154367991139416,0.5524020490101066,0.5824449674650423,0.6059808943652222,0.6241174027412433,0.6428076976325626,0.6577599335456181,0.6700816835110065,0.6801882874152014,0.6911255710923438,0.6987401356776962,0.7053855738612764,0.7124463519313304,0.7175688771978402,0.7225529558355254,0.7275370344732106,0.7323826664820712,0.7375051917485809,0.7415201439844941,0.7449813097051087,0.7476117956527758,0.7507960681157414,0.7534265540634085,0.7555032534957774,0.7574415062993216,0.7592413124740413,0.762702478194656,0.7649176242558494,0.7669943236882182,0.7696248096358854,0.7711477225529558,0.7723937422123771,0.7736397618717984,0.7744704416447459,0.7752873074201332,0.7763492329281366,0.7775745315912177,0.7789632034093762,0.779943442339841,0.7805969349601508,0.7819039202007705,0.7824757262435417,0.7829658457087741,0.7833742785964678,0.7842728309493938,0.7847629504146263,0.7849926819574877,0.7852224135003492,0.7875197289289634,0.7888981181861319,0.7895873128147161,0.7905062389861618,0.7909657020718848,0.7911954336147462,0.7914251651576076,0.7918846282433304,0.7918846282433304,0.7921143597861918
HU,3,2017,5808,0.3801652892561984,0.4612603305785124,0.5161845730027548,0.5497589531680441,0.5793732782369146,0.6034779614325069,0.6225895316804407,0.6367079889807162,0.6487603305785123,0.662534435261708,0.6756198347107438,0.6837121212121212,0.6914600550964187,0.6992079889807162,0.7050619834710744,0.7097107438016529,0.7155647382920111,0.7202134986225895,0.7245179063360881,0.7283057851239669,0.7305440771349863,0.7329545454545454,0.7345041322314051,0.7358815426997245,0.7384454147230669,0.7407076547436631,0.7427185347619709,0.744679142779821,0.7473938308045364,0.749103078820098,0.7508625988361172,0.7529237508548826,0.7547838148718172,0.7557389828805134,0.7569957828919558,0.7578504068997366,0.758649742842042,0.7596888795670389,0.760887883480497,0.7622467545824161,0.7632059577131826,0.7638454264670268,0.7651243639747154,0.7656838991343292,0.7661635006997125,0.7665631686708652,0.767442438207401,0.7679220397727843,0.7681468413066757,0.7683716428405669,0.7706196581794802,0.7719684673828281,0.7726428719845021,0.7735420781200675,0.7739916811878502,0.7742164827217415,0.7744412842556329,0.7748908873234155,0.7748908873234155,0.7751156888573069
HU,3,2018,5005,0.3858141858141858,0.4791208791208792,0.5364635364635365,0.5742257742257743,0.6037962037962038,0.6263736263736264,0.6457542457542458,0.6595404595404596,0.6701298701298701,0.6809190809190809,0.6889110889110889,0.6947052947052947,0.7027059687576505,0.7095125123544307,0.7165976863908453,0.7222499038805693,0.7279419257188126,0.732400012752961,0.736977512832667,0.7411569694271812,0.7446995564453885,0.7478839043269231,0.7501925565410357,0.7527798391947825,0.7554025862776446,0.7577167748801698,0.7597738314157478,0.7617794615379363,0.7645564878609666,0.766304985916208,0.7681049103848387,0.7702133933338062,0.7721161706292159,0.7730932724836155,0.7743789328183518,0.7752531818459725,0.7760708732095902,0.7771338719822932,0.7783604090277199,0.77975048434587,0.7807317139822113,0.7813858670731054,0.7826941732548938,0.7832665572094262,0.7837571720275969,0.7841660177094056,0.7850654782093851,0.7855560930275558,0.7857860567550229,0.78601602048249,0.7883156577571608,0.7896954401219634,0.7903853313043646,0.791305186214233,0.7917651136691672,0.7919950773966343,0.7922250411241014,0.7926849685790355,0.7926849685790355,0.7929149323065026
