Variable,ADFStat,Result
FDI,0.9720365675306427,Unit root
HD,1.2017925837920473,Unit root
GDP,1.992860837001943,Unit root
RSI,2.2035612221108045,Unit root
CPI,0.8123322441630857,Unit root
Wage,3.313066446536163,Unit root
UR,-0.2370613739947557,Unit root
OP,-1.6223202471984874,Unit root
Im,0.8229689719705519,Unit root
Ex,2.4586226533666338,Unit root
PCI,3.847717055093551,Unit root
CCI,0.2620142013293087,Unit root
API,-1.0624236493583512,Unit root
PII,4.1289916467061865,Unit root
MPI,3.2588785584109634,Unit root
PIR,-1.241515487076429,Unit root
FDI_LN,1.0235253523023888,Unit root
HD_LN,1.2005350576285296,Unit root
GDP_LN,2.0428231254531672,Unit root
RSI_LN,2.1281794370586584,Unit root
CPI_LN,0.8082359661523545,Unit root
Wage_LN,3.330434224685405,Unit root
UR_LN,-2.807736600158116,Stationary
OP_LN,-0.8370732790611398,Unit root
Im_LN,0.716033570220595,Unit root
Ex_LN,2.388701395181051,Unit root
PCI_LN,3.943820858730217,Unit root
CCI_LN,0.5718511062038939,Unit root
API_LN,-0.979892364350853,Unit root
PII_LN,4.010804864157076,Unit root
MPI_LN,3.1650847688827692,Unit root
PIR_LN,-1.4507745024006753,Unit root
FDI_M3,1.2371598367880836,Unit root
FDI_M6,1.2220771517950404,Unit root
FDI_M9,1.2153837387260535,Unit root
FDI_M12,0.8677697541251035,Unit root
HD_M3,1.5933766646850276,Unit root
HD_M6,1.454903433708793,Unit root
HD_M9,1.6906951655321645,Unit root
HD_M12,1.536786380799144,Unit root
GDP_M3,1.8529789273385355,Unit root
GDP_M6,2.1596612057954956,Unit root
GDP_M9,0.9753577879217286,Unit root
GDP_M12,2.0568985825617037,Unit root
RSI_M3,1.2316956616421229,Unit root
RSI_M6,1.3300791690015155,Unit root
RSI_M9,1.4759164846896624,Unit root
RSI_M12,1.9780487117889556,Unit root
CPI_M3,0.9745015469802419,Unit root
CPI_M6,0.7305985978961775,Unit root
CPI_M9,0.9455780975868746,Unit root
CPI_M12,1.2144692179785934,Unit root
Wage_M3,2.5557596265641163,Unit root
Wage_M6,2.5538162857292215,Unit root
Wage_M9,1.5132128141406356,Unit root
Wage_M12,0.6674035249638528,Unit root
UR_M3,0.549532948378037,Unit root
UR_M6,0.6261039686142648,Unit root
UR_M9,-0.20203717695021794,Unit root
UR_M12,1.234076261021808,Unit root
OP_M3,-0.49585394453156334,Unit root
OP_M6,-1.1716139168398585,Unit root
OP_M9,-1.3901029949426669,Unit root
OP_M12,-1.3840014448913407,Unit root
Im_M3,0.8797414899082959,Unit root
Im_M6,0.9196933874251199,Unit root
Im_M9,1.152036389257693,Unit root
Im_M12,0.8494231989946385,Unit root
Ex_M3,2.512448779606047,Unit root
Ex_M6,2.993693529771337,Unit root
Ex_M9,1.635744201182714,Unit root
Ex_M12,4.595779555836711,Unit root
PCI_M3,3.7354048335804815,Unit root
PCI_M6,2.389319287612639,Unit root
PCI_M9,3.131392126427038,Unit root
PCI_M12,2.3783743390974696,Unit root
CCI_M3,-0.37471110884753456,Unit root
CCI_M6,0.05822146105418334,Unit root
CCI_M9,0.12838765350629808,Unit root
CCI_M12,0.001590852439620692,Unit root
API_M3,-0.7283399841397749,Unit root
API_M6,-1.164106430288437,Unit root
API_M9,-1.1814592617570476,Unit root
API_M12,-1.6472978831541991,Unit root
PII_M3,1.7254272392329206,Unit root
PII_M6,1.2186905922335454,Unit root
PII_M9,1.586011285675084,Unit root
PII_M12,1.6553795477788558,Unit root
MPI_M3,1.3867655214245347,Unit root
MPI_M6,2.0840679418660795,Unit root
MPI_M9,1.9279707407624924,Unit root
MPI_M12,1.429622550829454,Unit root
PIR_M3,-0.9087243272528297,Unit root
PIR_M6,-0.7955724349036898,Unit root
PIR_M9,-1.2090362790751412,Unit root
PIR_M12,-0.8685011152720199,Unit root
UR_C,-1.7049906489338351,Unit root
PIR_C,-1.6607335429403018,Unit root
FDI_C,-1.0255625188844049,Unit root
HD_C,-0.3919944864645839,Unit root
GDP_C,-0.599385522695867,Unit root
RSI_C,-0.09382881777109467,Unit root
CPI_C,-3.032481059925533,Stationary
Wage_C,-1.6054500635820173,Unit root
OP_C,-1.1434483180766242,Unit root
Im_C,-0.30038560963829575,Unit root
Ex_C,-4.7717184025973625,Stationary
PCI_C,-0.508752150429917,Unit root
CCI_C,-2.008816036121018,Stationary
API_C,-2.5018678786362565,Stationary
PII_C,-1.3232786484803494,Unit root
MPI_C,-2.363521668060944,Stationary
FDI_lg1,1.188501960332271,Unit root
FDI_lg2,1.0149170326240453,Unit root
FDI_lg3,0.7870547664955158,Unit root
FDI_lg4,1.2079879459379104,Unit root
FDI_lg5,0.9699248259365904,Unit root
FDI_lg6,1.100134914366097,Unit root
FDI_lg7,0.9986191567706443,Unit root
FDI_lg8,1.312257375000791,Unit root
FDI_lg9,1.456706409628705,Unit root
FDI_lg10,1.409065851607817,Unit root
FDI_lg11,1.494982099293249,Unit root
FDI_lg12,1.4470078320450535,Unit root
HD_lg1,1.5047734556702288,Unit root
HD_lg2,1.563688650877363,Unit root
HD_lg3,1.479302808260614,Unit root
HD_lg4,1.1312114077377242,Unit root
HD_lg5,1.1365619703988499,Unit root
HD_lg6,1.301408585673124,Unit root
HD_lg7,1.6927189620709144,Unit root
HD_lg8,1.1295636980255803,Unit root
HD_lg9,2.3568298730157586,Unit root
HD_lg10,1.9957390090632905,Unit root
HD_lg11,1.6891972375790372,Unit root
HD_lg12,1.8586756455695597,Unit root
GDP_lg1,1.86100947298913,Unit root
GDP_lg2,1.6939398002542134,Unit root
GDP_lg3,2.5977337295402303,Unit root
GDP_lg4,2.5522940844328916,Unit root
GDP_lg5,2.648229380891721,Unit root
GDP_lg6,2.915619595735434,Unit root
GDP_lg7,2.694570804182127,Unit root
GDP_lg8,3.3379255077786603,Unit root
GDP_lg9,2.602693237663271,Unit root
GDP_lg10,2.542372731658788,Unit root
GDP_lg11,2.931843336167686,Unit root
GDP_lg12,2.7837022025716998,Unit root
RSI_lg1,2.301393897723873,Unit root
RSI_lg2,2.445921726075238,Unit root
RSI_lg3,2.569809041806937,Unit root
RSI_lg4,2.785712051660185,Unit root
RSI_lg5,2.127585187185205,Unit root
RSI_lg6,1.9760190692046085,Unit root
RSI_lg7,1.5838576807304565,Unit root
RSI_lg8,1.2074374282624425,Unit root
RSI_lg9,1.1428921229332387,Unit root
RSI_lg10,0.9690235366176753,Unit root
RSI_lg11,0.5641400081436321,Unit root
RSI_lg12,0.36160011273871673,Unit root
CPI_lg1,0.9854573062115504,Unit root
CPI_lg2,1.0184048537916253,Unit root
CPI_lg3,1.1188710685165308,Unit root
CPI_lg4,1.0292715866050328,Unit root
CPI_lg5,0.9774774683781668,Unit root
CPI_lg6,1.122133102250659,Unit root
CPI_lg7,1.096234030086929,Unit root
CPI_lg8,0.8090169029176526,Unit root
CPI_lg9,0.8108645650962731,Unit root
CPI_lg10,1.0409928541231201,Unit root
CPI_lg11,1.044297078842174,Unit root
CPI_lg12,1.180592706399401,Unit root
Wage_lg1,3.1505933775799955,Unit root
Wage_lg2,1.2791236673702155,Unit root
Wage_lg3,1.3715520070663285,Unit root
Wage_lg4,1.3879054102722357,Unit root
Wage_lg5,1.4266476129343602,Unit root
Wage_lg6,1.0884491600425266,Unit root
Wage_lg7,1.0621033383269232,Unit root
Wage_lg8,1.0672577594860517,Unit root
Wage_lg9,1.2090176951298974,Unit root
Wage_lg10,1.4442682891294463,Unit root
Wage_lg11,1.5734636304582166,Unit root
Wage_lg12,1.6660448172892703,Unit root
UR_lg1,-0.08136068723508513,Unit root
UR_lg2,-0.06133396331780441,Unit root
UR_lg3,0.1683549167498496,Unit root
UR_lg4,1.6030960635989417,Unit root
UR_lg5,1.8958589858844959,Unit root
UR_lg6,1.8561324129561663,Unit root
UR_lg7,2.2370138797349672,Unit root
UR_lg8,2.639097446599239,Unit root
UR_lg9,2.8692507554131015,Unit root
UR_lg10,2.813555014227606,Unit root
UR_lg11,2.6778723407120304,Unit root
UR_lg12,2.9839602936613145,Unit root
OP_lg1,-0.9987576811347044,Unit root
OP_lg2,-1.1626397470641294,Unit root
OP_lg3,-1.2091709189626596,Unit root
OP_lg4,-1.1910406612871378,Unit root
OP_lg5,-1.2762932862682301,Unit root
OP_lg6,-1.1781229280765493,Unit root
OP_lg7,-1.1969007143166615,Unit root
OP_lg8,-1.127452684620401,Unit root
OP_lg9,-1.1718368404456336,Unit root
OP_lg10,-0.9193137332103019,Unit root
OP_lg11,-1.1499200680752393,Unit root
OP_lg12,-1.5034299823092914,Unit root
Im_lg1,0.08347592111415782,Unit root
Im_lg2,0.39838445797424465,Unit root
Im_lg3,0.5095846711685249,Unit root
Im_lg4,0.10365596300100442,Unit root
Im_lg5,0.13438036835573186,Unit root
Im_lg6,-0.016120096616018736,Unit root
Im_lg7,-0.10567961175793825,Unit root
Im_lg8,-0.21383844463303375,Unit root
Im_lg9,-0.27671352622645057,Unit root
Im_lg10,-0.04943126812355665,Unit root
Im_lg11,0.023323396778738768,Unit root
Im_lg12,-0.024602854386973363,Unit root
Ex_lg1,2.4290387165169487,Unit root
Ex_lg2,2.2631949302818644,Unit root
Ex_lg3,2.716124262161965,Unit root
Ex_lg4,2.6096888392006683,Unit root
Ex_lg5,2.271110662359443,Unit root
Ex_lg6,2.1822626166527446,Unit root
Ex_lg7,2.117324657157063,Unit root
Ex_lg8,2.1843018831773806,Unit root
Ex_lg9,2.2583433236691586,Unit root
Ex_lg10,2.455518250485657,Unit root
Ex_lg11,2.4375954078133844,Unit root
Ex_lg12,2.629430359638263,Unit root
PCI_lg1,3.7379060180339647,Unit root
PCI_lg2,3.6533779806135875,Unit root
PCI_lg3,3.490838624365649,Unit root
PCI_lg4,3.615102260437341,Unit root
PCI_lg5,3.6464434827602514,Unit root
PCI_lg6,3.5806456541999228,Unit root
PCI_lg7,3.796520699362348,Unit root
PCI_lg8,4.751961692899327,Unit root
PCI_lg9,4.966660593235097,Unit root
PCI_lg10,4.664648690409935,Unit root
PCI_lg11,4.702909033336248,Unit root
PCI_lg12,4.231219416766115,Unit root
CCI_lg1,0.07850827808251218,Unit root
CCI_lg2,0.005062025847972023,Unit root
CCI_lg3,-0.09550007158480234,Unit root
CCI_lg4,-0.10217207308185165,Unit root
CCI_lg5,-0.20870115825256577,Unit root
CCI_lg6,-0.1773739861625298,Unit root
CCI_lg7,-0.20602992165153627,Unit root
CCI_lg8,-0.2304199159836271,Unit root
CCI_lg9,-0.34472549095720045,Unit root
CCI_lg10,-0.05249819435000035,Unit root
CCI_lg11,0.17854812286222316,Unit root
CCI_lg12,0.11218393845884582,Unit root
API_lg1,-0.9679452150474063,Unit root
API_lg2,-1.1145213902810607,Unit root
API_lg3,-1.4474615462790077,Unit root
API_lg4,-1.21230567777532,Unit root
API_lg5,-1.1789827180687813,Unit root
API_lg6,-1.2010034327042378,Unit root
API_lg7,-1.2796481125777337,Unit root
API_lg8,-1.0883089593015085,Unit root
API_lg9,-1.2426008085209015,Unit root
API_lg10,-1.3463402678921779,Unit root
API_lg11,-1.0661570675850247,Unit root
API_lg12,-0.9486155743611969,Unit root
PII_lg1,4.069260950228552,Unit root
PII_lg2,3.53409540282617,Unit root
PII_lg3,3.5721268256569814,Unit root
PII_lg4,3.699427610503119,Unit root
PII_lg5,2.782611510412376,Unit root
PII_lg6,2.5339546770511476,Unit root
PII_lg7,2.4906485020997673,Unit root
PII_lg8,2.214089292583606,Unit root
PII_lg9,2.0870406327193405,Unit root
PII_lg10,1.9483499154399369,Unit root
PII_lg11,1.6064281199294452,Unit root
PII_lg12,1.5405121305344462,Unit root
MPI_lg1,3.4159943127114762,Unit root
MPI_lg2,3.0892747109480423,Unit root
MPI_lg3,3.1697840875187646,Unit root
MPI_lg4,2.7488538292188136,Unit root
MPI_lg5,1.9919012494781991,Unit root
MPI_lg6,1.5298128649884852,Unit root
MPI_lg7,1.0659908365343282,Unit root
MPI_lg8,0.8222479681945878,Unit root
MPI_lg9,0.4642691981739208,Unit root
MPI_lg10,0.04435193343377708,Unit root
MPI_lg11,-0.2858920882134135,Unit root
MPI_lg12,-0.6308557437661185,Unit root
PIR_lg1,-1.4468896411931027,Unit root
PIR_lg2,-1.1672811952840023,Unit root
PIR_lg3,-1.2526559137235502,Unit root
PIR_lg4,-1.279864055925804,Unit root
PIR_lg5,-1.3332061643331345,Unit root
PIR_lg6,-2.3480495360613154,Stationary
PIR_lg7,-2.2542950141907028,Stationary
PIR_lg8,-2.221911772280419,Stationary
PIR_lg9,-1.991448384133184,Stationary
PIR_lg10,-2.1282577664459237,Stationary
PIR_lg11,-2.154213434125041,Stationary
PIR_lg12,-2.189770128571523,Stationary
FDI_LN_lg1,1.1896984806141524,Unit root
FDI_LN_lg2,1.017475040440698,Unit root
FDI_LN_lg3,0.7930978823338142,Unit root
FDI_LN_lg4,1.3139925424417616,Unit root
FDI_LN_lg5,1.1139209778282193,Unit root
FDI_LN_lg6,1.0403299482695771,Unit root
FDI_LN_lg7,1.2011359609002228,Unit root
FDI_LN_lg8,1.349820233200183,Unit root
FDI_LN_lg9,1.4718676222409248,Unit root
FDI_LN_lg10,1.3389211543483863,Unit root
FDI_LN_lg11,1.4447884358657415,Unit root
FDI_LN_lg12,1.4227068526930322,Unit root
HD_LN_lg1,1.5444635541095855,Unit root
HD_LN_lg2,1.5768751421718246,Unit root
HD_LN_lg3,1.474913152377967,Unit root
HD_LN_lg4,1.0861193145665156,Unit root
HD_LN_lg5,1.0910755753304422,Unit root
HD_LN_lg6,1.2707433062204112,Unit root
HD_LN_lg7,1.6990571703838666,Unit root
HD_LN_lg8,1.1370588712138536,Unit root
HD_LN_lg9,2.4655299902953085,Unit root
HD_LN_lg10,2.0909005342727807,Unit root
HD_LN_lg11,1.8388568837605552,Unit root
HD_LN_lg12,2.0797135149837347,Unit root
GDP_LN_lg1,1.9980905560059885,Unit root
GDP_LN_lg2,1.7474126570070456,Unit root
GDP_LN_lg3,2.99556853695745,Unit root
GDP_LN_lg4,2.84706628110659,Unit root
GDP_LN_lg5,3.2088802852010607,Unit root
GDP_LN_lg6,3.1576311357467333,Unit root
GDP_LN_lg7,2.4413119940916457,Unit root
GDP_LN_lg8,2.8933200144587548,Unit root
GDP_LN_lg9,2.7390138607149024,Unit root
GDP_LN_lg10,2.992315098284916,Unit root
GDP_LN_lg11,3.322928377817455,Unit root
GDP_LN_lg12,2.8487913037279684,Unit root
RSI_LN_lg1,2.2414626770350057,Unit root
RSI_LN_lg2,2.3509002766596523,Unit root
RSI_LN_lg3,2.4848604101807292,Unit root
RSI_LN_lg4,2.678092829881785,Unit root
RSI_LN_lg5,1.9891110800810392,Unit root
RSI_LN_lg6,1.8513440607449514,Unit root
RSI_LN_lg7,1.47831914789774,Unit root
RSI_LN_lg8,1.1238043041424048,Unit root
RSI_LN_lg9,1.0634896299286418,Unit root
RSI_LN_lg10,0.9303578380297612,Unit root
RSI_LN_lg11,0.537600634463923,Unit root
RSI_LN_lg12,0.3449498439017905,Unit root
CPI_LN_lg1,0.9796300663685841,Unit root
CPI_LN_lg2,1.012104814443971,Unit root
CPI_LN_lg3,1.1171459190596538,Unit root
CPI_LN_lg4,1.0324997352216725,Unit root
CPI_LN_lg5,0.9824724286168756,Unit root
CPI_LN_lg6,1.1252810697207276,Unit root
CPI_LN_lg7,1.1048751065194884,Unit root
CPI_LN_lg8,0.8214994495149404,Unit root
CPI_LN_lg9,0.8245234420933487,Unit root
CPI_LN_lg10,1.051593636287924,Unit root
CPI_LN_lg11,1.058227842097636,Unit root
CPI_LN_lg12,1.196035174816162,Unit root
Wage_LN_lg1,3.156638780236587,Unit root
Wage_LN_lg2,1.352886125848225,Unit root
Wage_LN_lg3,1.4721915278066229,Unit root
Wage_LN_lg4,1.4965643323636466,Unit root
Wage_LN_lg5,1.5723160582962779,Unit root
Wage_LN_lg6,1.2021400614356845,Unit root
Wage_LN_lg7,1.140560586455585,Unit root
Wage_LN_lg8,1.1545624449532612,Unit root
Wage_LN_lg9,1.3027572078612362,Unit root
Wage_LN_lg10,1.5612303664699698,Unit root
Wage_LN_lg11,1.7104333013053568,Unit root
Wage_LN_lg12,1.7795084232960834,Unit root
UR_LN_lg1,-2.8443933583107257,Stationary
UR_LN_lg2,-3.3427084742113404,Stationary
UR_LN_lg3,-2.9972435444980916,Stationary
UR_LN_lg4,-3.0802675147904557,Stationary
UR_LN_lg5,-2.747302342060511,Stationary
UR_LN_lg6,-2.5372070111124856,Stationary
UR_LN_lg7,-2.5716061934248517,Stationary
UR_LN_lg8,-2.9255189200603637,Stationary
UR_LN_lg9,-2.4407143707265435,Stationary
UR_LN_lg10,-2.433437730190353,Stationary
UR_LN_lg11,-2.804092361599325,Stationary
UR_LN_lg12,-2.634124729198592,Stationary
OP_LN_lg1,-0.4267200693011594,Unit root
OP_LN_lg2,-0.48735125949484465,Unit root
OP_LN_lg3,-0.5690654225224814,Unit root
OP_LN_lg4,-0.5571464725923645,Unit root
OP_LN_lg5,-0.5855683179007992,Unit root
OP_LN_lg6,-0.5248499071965035,Unit root
OP_LN_lg7,-0.5720053817467633,Unit root
OP_LN_lg8,-0.6096656736415159,Unit root
OP_LN_lg9,-0.6538982668518856,Unit root
OP_LN_lg10,-0.501256853957759,Unit root
OP_LN_lg11,-0.6713873685332186,Unit root
OP_LN_lg12,-0.8036924269976589,Unit root
Im_LN_lg1,0.18390367670879193,Unit root
Im_LN_lg2,0.4586909427325398,Unit root
Im_LN_lg3,0.5134708000112075,Unit root
Im_LN_lg4,0.20144652947339547,Unit root
Im_LN_lg5,0.23912370698563068,Unit root
Im_LN_lg6,0.10186751716703092,Unit root
Im_LN_lg7,0.02676135411749222,Unit root
Im_LN_lg8,-0.07282981844417089,Unit root
Im_LN_lg9,-0.13205196937438854,Unit root
Im_LN_lg10,0.07401102244561862,Unit root
Im_LN_lg11,0.14429336916451613,Unit root
Im_LN_lg12,0.08054423246307038,Unit root
Ex_LN_lg1,2.361499992120749,Unit root
Ex_LN_lg2,2.2021127047512423,Unit root
Ex_LN_lg3,2.6182040518683687,Unit root
Ex_LN_lg4,2.5513531196399986,Unit root
Ex_LN_lg5,2.218039868267971,Unit root
Ex_LN_lg6,2.1577124219317625,Unit root
Ex_LN_lg7,2.1226473455854604,Unit root
Ex_LN_lg8,2.188417455275906,Unit root
Ex_LN_lg9,2.2237262978786125,Unit root
Ex_LN_lg10,2.3997509529161545,Unit root
Ex_LN_lg11,2.3856426872411407,Unit root
Ex_LN_lg12,2.5868367728784194,Unit root
PCI_LN_lg1,3.7816631671167142,Unit root
PCI_LN_lg2,3.7083445502357213,Unit root
PCI_LN_lg3,3.5345946408021547,Unit root
PCI_LN_lg4,3.6392489821958005,Unit root
PCI_LN_lg5,3.688566416920394,Unit root
PCI_LN_lg6,3.6760439125595576,Unit root
PCI_LN_lg7,3.9559905185294824,Unit root
PCI_LN_lg8,4.834497057487449,Unit root
PCI_LN_lg9,5.137171853328194,Unit root
PCI_LN_lg10,4.925322627570698,Unit root
PCI_LN_lg11,4.836152016432804,Unit root
PCI_LN_lg12,4.315615156834553,Unit root
CCI_LN_lg1,0.30546714349138265,Unit root
CCI_LN_lg2,0.17462968743699436,Unit root
CCI_LN_lg3,0.06795226790997286,Unit root
CCI_LN_lg4,-0.020859772586094328,Unit root
CCI_LN_lg5,-0.051719011460351155,Unit root
CCI_LN_lg6,-0.023245354318818523,Unit root
CCI_LN_lg7,-0.051197382542214835,Unit root
CCI_LN_lg8,-0.07209536657461597,Unit root
CCI_LN_lg9,-0.16255401491382548,Unit root
CCI_LN_lg10,0.08815836048761755,Unit root
CCI_LN_lg11,0.349119063316478,Unit root
CCI_LN_lg12,0.2816751786563237,Unit root
API_LN_lg1,-0.8835968875139572,Unit root
API_LN_lg2,-1.0179221682018467,Unit root
API_LN_lg3,-1.3046160581950135,Unit root
API_LN_lg4,-1.1006470809129978,Unit root
API_LN_lg5,-1.0683477517152098,Unit root
API_LN_lg6,-1.0859965592724197,Unit root
API_LN_lg7,-1.1835239428093833,Unit root
API_LN_lg8,-0.9895351142488678,Unit root
API_LN_lg9,-1.1678163102073482,Unit root
API_LN_lg10,-1.249196317206764,Unit root
API_LN_lg11,-1.0024792071122006,Unit root
API_LN_lg12,-0.8793962985943599,Unit root
PII_LN_lg1,3.9496240937031883,Unit root
PII_LN_lg2,3.500231436239624,Unit root
PII_LN_lg3,3.534969749849483,Unit root
PII_LN_lg4,3.6897427484728693,Unit root
PII_LN_lg5,2.7036038228366706,Unit root
PII_LN_lg6,2.4613069021742153,Unit root
PII_LN_lg7,2.425988371314047,Unit root
PII_LN_lg8,2.1470896316853167,Unit root
PII_LN_lg9,2.0154990253933835,Unit root
PII_LN_lg10,1.889264058640415,Unit root
PII_LN_lg11,1.5330013560461115,Unit root
PII_LN_lg12,1.4650271388663048,Unit root
MPI_LN_lg1,3.339663086479145,Unit root
MPI_LN_lg2,3.025618032252543,Unit root
MPI_LN_lg3,3.1041619156859377,Unit root
MPI_LN_lg4,2.681377212584345,Unit root
MPI_LN_lg5,1.899928311205032,Unit root
MPI_LN_lg6,1.4587794922708752,Unit root
MPI_LN_lg7,1.0149706840600938,Unit root
MPI_LN_lg8,0.7904103815295798,Unit root
MPI_LN_lg9,0.4507425132426598,Unit root
MPI_LN_lg10,0.08721015260755022,Unit root
MPI_LN_lg11,-0.23012136881173784,Unit root
MPI_LN_lg12,-0.5739777283768769,Unit root
PIR_LN_lg1,-1.7132969518564083,Unit root
PIR_LN_lg2,-1.3227331171452295,Unit root
PIR_LN_lg3,-1.656654019767912,Unit root
PIR_LN_lg4,-1.6510856826075067,Unit root
PIR_LN_lg5,-1.7256577349931483,Unit root
PIR_LN_lg6,-2.5016534696397925,Stationary
PIR_LN_lg7,-2.394797926997844,Stationary
PIR_LN_lg8,-2.337791822445512,Stationary
PIR_LN_lg9,-2.3691760246473783,Stationary
PIR_LN_lg10,-2.1959594508768805,Stationary
PIR_LN_lg11,-2.729106472722637,Stationary
PIR_LN_lg12,-2.6537354697603335,Stationary
FDI_M3_lg1,1.3397465077342663,Unit root
FDI_M3_lg2,1.2260613346903524,Unit root
FDI_M3_lg3,1.1259403282636908,Unit root
FDI_M3_lg4,1.1808031495764906,Unit root
FDI_M3_lg5,1.1142212547337655,Unit root
FDI_M3_lg6,0.9797725511032263,Unit root
FDI_M3_lg7,0.7939853469695844,Unit root
FDI_M3_lg8,0.887035064002309,Unit root
FDI_M3_lg9,0.8973538671632072,Unit root
FDI_M3_lg10,1.083222590451368,Unit root
FDI_M3_lg11,1.210535965236653,Unit root
FDI_M3_lg12,1.2320390754300021,Unit root
FDI_M6_lg1,1.3049939614324413,Unit root
FDI_M6_lg2,1.161103673560373,Unit root
FDI_M6_lg3,1.1411401407885677,Unit root
FDI_M6_lg4,1.2029770542748373,Unit root
FDI_M6_lg5,0.9313612686781508,Unit root
FDI_M6_lg6,0.9156897721430975,Unit root
FDI_M6_lg7,0.8504241384801535,Unit root
FDI_M6_lg8,0.8615221370816865,Unit root
FDI_M6_lg9,0.8963375952661259,Unit root
FDI_M6_lg10,0.8627971644713119,Unit root
FDI_M6_lg11,0.9643899914962221,Unit root
FDI_M6_lg12,0.9423660814933247,Unit root
FDI_M9_lg1,1.0754615104200398,Unit root
FDI_M9_lg2,1.1307489641450714,Unit root
FDI_M9_lg3,1.0655443210292053,Unit root
FDI_M9_lg4,1.1600242750429135,Unit root
FDI_M9_lg5,1.1084540873428361,Unit root
FDI_M9_lg6,1.257962666689015,Unit root
FDI_M9_lg7,1.1794887274789747,Unit root
FDI_M9_lg8,1.4170258916600285,Unit root
FDI_M9_lg9,1.4097876489904064,Unit root
FDI_M9_lg10,1.4013267443258746,Unit root
FDI_M9_lg11,1.5800624759591515,Unit root
FDI_M9_lg12,0.9730136014224864,Unit root
FDI_M12_lg1,0.8322230177142478,Unit root
FDI_M12_lg2,1.096177758096741,Unit root
FDI_M12_lg3,1.080645445356422,Unit root
FDI_M12_lg4,1.0801162628300833,Unit root
FDI_M12_lg5,1.0637506001762997,Unit root
FDI_M12_lg6,1.063134940246124,Unit root
FDI_M12_lg7,0.9201956089021909,Unit root
FDI_M12_lg8,1.0172763038427228,Unit root
FDI_M12_lg9,0.7618400169706989,Unit root
FDI_M12_lg10,0.6349000746412726,Unit root
FDI_M12_lg11,0.7228882325481968,Unit root
FDI_M12_lg12,0.674912055578238,Unit root
HD_M3_lg1,1.5299405075484986,Unit root
HD_M3_lg2,1.3093127937343554,Unit root
HD_M3_lg3,1.2914471981725444,Unit root
HD_M3_lg4,1.512213650916047,Unit root
HD_M3_lg5,1.5507778536102623,Unit root
HD_M3_lg6,1.150242359892364,Unit root
HD_M3_lg7,0.9481812224702201,Unit root
HD_M3_lg8,1.0745516337861667,Unit root
HD_M3_lg9,1.349199105385687,Unit root
HD_M3_lg10,1.2626151551605684,Unit root
HD_M3_lg11,1.1378939378653483,Unit root
HD_M3_lg12,1.3953116336254012,Unit root
HD_M6_lg1,1.1697741107540378,Unit root
HD_M6_lg2,1.1880167884795394,Unit root
HD_M6_lg3,1.2735798632533766,Unit root
HD_M6_lg4,1.6946080842061577,Unit root
HD_M6_lg5,1.196699800906743,Unit root
HD_M6_lg6,1.0537981436945962,Unit root
HD_M6_lg7,0.8264323753993753,Unit root
HD_M6_lg8,1.2121092063119496,Unit root
HD_M6_lg9,1.3316678824871229,Unit root
HD_M6_lg10,1.4823216204928136,Unit root
HD_M6_lg11,1.3525878459122185,Unit root
HD_M6_lg12,1.4850555817516327,Unit root
HD_M9_lg1,1.447620703758903,Unit root
HD_M9_lg2,1.2870647969670845,Unit root
HD_M9_lg3,1.2244287332602297,Unit root
HD_M9_lg4,1.1930609252952593,Unit root
HD_M9_lg5,1.3464761618793846,Unit root
HD_M9_lg6,1.2833854143065075,Unit root
HD_M9_lg7,0.8733195083856269,Unit root
HD_M9_lg8,0.7907909144954757,Unit root
HD_M9_lg9,1.107720602947025,Unit root
HD_M9_lg10,1.5007527916871648,Unit root
HD_M9_lg11,1.3978296864626734,Unit root
HD_M9_lg12,1.6089745501629031,Unit root
HD_M12_lg1,1.128559352707443,Unit root
HD_M12_lg2,1.347432133607535,Unit root
HD_M12_lg3,1.532555028866813,Unit root
HD_M12_lg4,1.8692105294775585,Unit root
HD_M12_lg5,1.6093911434649601,Unit root
HD_M12_lg6,1.60211782703177,Unit root
HD_M12_lg7,1.5412846025244065,Unit root
HD_M12_lg8,1.3123448059468494,Unit root
HD_M12_lg9,1.3485542513130657,Unit root
HD_M12_lg10,1.6423568069026764,Unit root
HD_M12_lg11,1.6856367360580835,Unit root
HD_M12_lg12,1.434842516535475,Unit root
GDP_M3_lg1,1.7371618200627692,Unit root
GDP_M3_lg2,1.6280719979677298,Unit root
GDP_M3_lg3,2.2129033168070076,Unit root
GDP_M3_lg4,2.535959538157161,Unit root
GDP_M3_lg5,2.3380318005321086,Unit root
GDP_M3_lg6,2.4006748558555295,Unit root
GDP_M3_lg7,2.709804008513166,Unit root
GDP_M3_lg8,3.4832931155362212,Unit root
GDP_M3_lg9,2.793447818908368,Unit root
GDP_M3_lg10,2.594415466987159,Unit root
GDP_M3_lg11,3.194610648971793,Unit root
GDP_M3_lg12,3.431134459582983,Unit root
GDP_M6_lg1,2.6190452128083037,Unit root
GDP_M6_lg2,2.4975720632011025,Unit root
GDP_M6_lg3,2.265430199879818,Unit root
GDP_M6_lg4,2.541785617097286,Unit root
GDP_M6_lg5,3.443683389629928,Unit root
GDP_M6_lg6,3.0328141224987015,Unit root
GDP_M6_lg7,2.9858112352566124,Unit root
GDP_M6_lg8,4.703901533840716,Unit root
GDP_M6_lg9,4.486320026242732,Unit root
GDP_M6_lg10,3.8622166919279315,Unit root
GDP_M6_lg11,3.851151220938118,Unit root
GDP_M6_lg12,2.911561392038623,Unit root
GDP_M9_lg1,1.1933183222688883,Unit root
GDP_M9_lg2,1.3634556821712234,Unit root
GDP_M9_lg3,2.1702422204903375,Unit root
GDP_M9_lg4,2.366493115248687,Unit root
GDP_M9_lg5,3.142223683945554,Unit root
GDP_M9_lg6,4.189068341314958,Unit root
GDP_M9_lg7,6.073206240640189,Unit root
GDP_M9_lg8,6.050300727429025,Unit root
GDP_M9_lg9,4.668015620753594,Unit root
GDP_M9_lg10,3.8238197696006844,Unit root
GDP_M9_lg11,3.406648944918152,Unit root
GDP_M9_lg12,3.690373191334489,Unit root
GDP_M12_lg1,2.2957543633049067,Unit root
GDP_M12_lg2,2.4198078473725073,Unit root
GDP_M12_lg3,3.4892372228269948,Unit root
GDP_M12_lg4,2.6934794817629486,Unit root
GDP_M12_lg5,2.922595183524794,Unit root
GDP_M12_lg6,2.6177931718139402,Unit root
GDP_M12_lg7,2.1893062824297336,Unit root
GDP_M12_lg8,2.9654299384089144,Unit root
GDP_M12_lg9,2.254003911220031,Unit root
GDP_M12_lg10,1.5713267243562141,Unit root
GDP_M12_lg11,2.387841274886225,Unit root
GDP_M12_lg12,3.496173597096924,Unit root
RSI_M3_lg1,1.346630627874414,Unit root
RSI_M3_lg2,1.3987890281755673,Unit root
RSI_M3_lg3,1.4070292075219937,Unit root
RSI_M3_lg4,1.9908650345390895,Unit root
RSI_M3_lg5,1.5369427197596954,Unit root
RSI_M3_lg6,1.6901728057865135,Unit root
RSI_M3_lg7,1.445150376464074,Unit root
RSI_M3_lg8,1.2463924768592112,Unit root
RSI_M3_lg9,1.4062161903297163,Unit root
RSI_M3_lg10,1.2824777083513736,Unit root
RSI_M3_lg11,0.9914911934501421,Unit root
RSI_M3_lg12,0.9246532272584534,Unit root
RSI_M6_lg1,1.4197542859509535,Unit root
RSI_M6_lg2,1.6687738803699779,Unit root
RSI_M6_lg3,1.7270847146615074,Unit root
RSI_M6_lg4,2.006479882263643,Unit root
RSI_M6_lg5,1.942908745961935,Unit root
RSI_M6_lg6,1.6119206577711356,Unit root
RSI_M6_lg7,1.728808790389161,Unit root
RSI_M6_lg8,1.574651070706758,Unit root
RSI_M6_lg9,1.5901606194643438,Unit root
RSI_M6_lg10,1.38839806675998,Unit root
RSI_M6_lg11,1.3828510746936067,Unit root
RSI_M6_lg12,1.2036696777198825,Unit root
RSI_M9_lg1,1.746990288782117,Unit root
RSI_M9_lg2,1.6495389148156774,Unit root
RSI_M9_lg3,1.8227483323085212,Unit root
RSI_M9_lg4,1.9260849273025171,Unit root
RSI_M9_lg5,1.5667090977084477,Unit root
RSI_M9_lg6,1.7552503182133508,Unit root
RSI_M9_lg7,1.616060304905065,Unit root
RSI_M9_lg8,1.5882928249900252,Unit root
RSI_M9_lg9,1.3022877501812105,Unit root
RSI_M9_lg10,1.557815574323145,Unit root
RSI_M9_lg11,0.6824454146425228,Unit root
RSI_M9_lg12,0.6656287356241676,Unit root
RSI_M12_lg1,2.2556515337764633,Unit root
RSI_M12_lg2,1.9147751382698899,Unit root
RSI_M12_lg3,1.9353040444675726,Unit root
RSI_M12_lg4,1.8065719558178885,Unit root
RSI_M12_lg5,1.7252335517647628,Unit root
RSI_M12_lg6,1.2941509910180355,Unit root
RSI_M12_lg7,0.959384944494458,Unit root
RSI_M12_lg8,0.8343176442557855,Unit root
RSI_M12_lg9,0.78320858277105,Unit root
RSI_M12_lg10,0.37880578286327166,Unit root
RSI_M12_lg11,-0.11504048787542397,Unit root
RSI_M12_lg12,-0.2810431080023385,Unit root
CPI_M3_lg1,0.8341977300752783,Unit root
CPI_M3_lg2,0.7730785661151028,Unit root
CPI_M3_lg3,0.708853510277434,Unit root
CPI_M3_lg4,0.6665116708653022,Unit root
CPI_M3_lg5,0.6036759597465124,Unit root
CPI_M3_lg6,0.6541656475388743,Unit root
CPI_M3_lg7,0.5220170797874765,Unit root
CPI_M3_lg8,0.3637504944861783,Unit root
CPI_M3_lg9,0.4265182336848739,Unit root
CPI_M3_lg10,0.4359825296223426,Unit root
CPI_M3_lg11,0.5098747825385734,Unit root
CPI_M3_lg12,0.6262475816074834,Unit root
CPI_M6_lg1,0.8442594513437528,Unit root
CPI_M6_lg2,0.8133227275008184,Unit root
CPI_M6_lg3,0.7980150032855189,Unit root
CPI_M6_lg4,0.745261421313545,Unit root
CPI_M6_lg5,0.7215322827593115,Unit root
CPI_M6_lg6,0.7777821386461076,Unit root
CPI_M6_lg7,0.709930446755239,Unit root
CPI_M6_lg8,0.6421044484833226,Unit root
CPI_M6_lg9,0.6503104990676287,Unit root
CPI_M6_lg10,0.583882336019268,Unit root
CPI_M6_lg11,0.5907521787872195,Unit root
CPI_M6_lg12,0.8195737236647975,Unit root
CPI_M9_lg1,0.8201812142876236,Unit root
CPI_M9_lg2,0.8214868259199379,Unit root
CPI_M9_lg3,0.7115438385985295,Unit root
CPI_M9_lg4,0.6597897811446872,Unit root
CPI_M9_lg5,0.5898981868329363,Unit root
CPI_M9_lg6,0.7232999078784185,Unit root
CPI_M9_lg7,0.5383074039591689,Unit root
CPI_M9_lg8,0.39568277887471126,Unit root
CPI_M9_lg9,0.40897969006251594,Unit root
CPI_M9_lg10,0.46950219117632735,Unit root
CPI_M9_lg11,0.4366417396498715,Unit root
CPI_M9_lg12,0.36765207273417067,Unit root
CPI_M12_lg1,1.3041856410965498,Unit root
CPI_M12_lg2,1.222667295755361,Unit root
CPI_M12_lg3,1.2337516688711072,Unit root
CPI_M12_lg4,1.1460003530211873,Unit root
CPI_M12_lg5,1.1064526177875913,Unit root
CPI_M12_lg6,1.11587940235323,Unit root
CPI_M12_lg7,1.0129157694852342,Unit root
CPI_M12_lg8,0.9776735069996872,Unit root
CPI_M12_lg9,0.6263740596710976,Unit root
CPI_M12_lg10,0.7219769486935952,Unit root
CPI_M12_lg11,0.6955126228334662,Unit root
CPI_M12_lg12,0.8517539392688989,Unit root
Wage_M3_lg1,2.4199871819847716,Unit root
Wage_M3_lg2,1.2593388724363295,Unit root
Wage_M3_lg3,0.9634579147616114,Unit root
Wage_M3_lg4,0.8289248656479588,Unit root
Wage_M3_lg5,0.7281433687216733,Unit root
Wage_M3_lg6,0.6323717253811401,Unit root
Wage_M3_lg7,0.7540849745941851,Unit root
Wage_M3_lg8,0.672633300149451,Unit root
Wage_M3_lg9,1.5697755878875987,Unit root
Wage_M3_lg10,1.5955544365077938,Unit root
Wage_M3_lg11,1.6657790638933065,Unit root
Wage_M3_lg12,1.725199023620412,Unit root
Wage_M6_lg1,1.540222718823787,Unit root
Wage_M6_lg2,1.080388416235975,Unit root
Wage_M6_lg3,0.9730468324371251,Unit root
Wage_M6_lg4,0.6848364264007953,Unit root
Wage_M6_lg5,0.7825605112920467,Unit root
Wage_M6_lg6,0.684555979710019,Unit root
Wage_M6_lg7,0.9218829054196739,Unit root
Wage_M6_lg8,0.8695450977813531,Unit root
Wage_M6_lg9,0.5237182793807982,Unit root
Wage_M6_lg10,0.4341435269361499,Unit root
Wage_M6_lg11,0.3613895628843473,Unit root
Wage_M6_lg12,0.5289398516546229,Unit root
Wage_M9_lg1,1.7155436998365698,Unit root
Wage_M9_lg2,0.8973034297182007,Unit root
Wage_M9_lg3,1.5492296676732393,Unit root
Wage_M9_lg4,1.7057183765730244,Unit root
Wage_M9_lg5,1.7356040086378195,Unit root
Wage_M9_lg6,0.19929234253309222,Unit root
Wage_M9_lg7,0.16737046140792727,Unit root
Wage_M9_lg8,0.2005356201495563,Unit root
Wage_M9_lg9,0.428768713911232,Unit root
Wage_M9_lg10,0.27517094770105377,Unit root
Wage_M9_lg11,0.3484847381416506,Unit root
Wage_M9_lg12,0.31316297250557257,Unit root
Wage_M12_lg1,0.779243234961705,Unit root
Wage_M12_lg2,1.101054941579229,Unit root
Wage_M12_lg3,0.9327442388064304,Unit root
Wage_M12_lg4,0.9059605575050633,Unit root
Wage_M12_lg5,0.8816170683173957,Unit root
Wage_M12_lg6,0.9857717826534665,Unit root
Wage_M12_lg7,1.1089435439323143,Unit root
Wage_M12_lg8,1.0678396435396438,Unit root
Wage_M12_lg9,0.59491013579202,Unit root
Wage_M12_lg10,0.5779332776299598,Unit root
Wage_M12_lg11,0.4144515408923561,Unit root
Wage_M12_lg12,0.4367829286423469,Unit root
UR_M3_lg1,0.45356795638655095,Unit root
UR_M3_lg2,0.6655681603509147,Unit root
UR_M3_lg3,0.9140526778576165,Unit root
UR_M3_lg4,0.8327637636797779,Unit root
UR_M3_lg5,1.9115037724028614,Unit root
UR_M3_lg6,1.7077811026386254,Unit root
UR_M3_lg7,2.3843303203164616,Unit root
UR_M3_lg8,2.8893561978472686,Unit root
UR_M3_lg9,3.0906458655620552,Unit root
UR_M3_lg10,2.967331214439408,Unit root
UR_M3_lg11,3.0078035649426527,Unit root
UR_M3_lg12,3.141333365167101,Unit root
UR_M6_lg1,0.506456665223738,Unit root
UR_M6_lg2,0.8355567652554718,Unit root
UR_M6_lg3,1.1368371660843202,Unit root
UR_M6_lg4,1.3460169482404585,Unit root
UR_M6_lg5,1.2641333278483944,Unit root
UR_M6_lg6,0.679896188136449,Unit root
UR_M6_lg7,1.2582040270196302,Unit root
UR_M6_lg8,1.7370303347221625,Unit root
UR_M6_lg9,2.061478294187467,Unit root
UR_M6_lg10,1.9584878755459494,Unit root
UR_M6_lg11,1.9031498629815506,Unit root
UR_M6_lg12,1.962303582621177,Unit root
UR_M9_lg1,0.10262713889284854,Unit root
UR_M9_lg2,0.6115985373802626,Unit root
UR_M9_lg3,0.7117555011517012,Unit root
UR_M9_lg4,0.8264553869662817,Unit root
UR_M9_lg5,1.5715294503906856,Unit root
UR_M9_lg6,1.2210996417730717,Unit root
UR_M9_lg7,1.2249486160943792,Unit root
UR_M9_lg8,1.5879064566781163,Unit root
UR_M9_lg9,1.6379701392828998,Unit root
UR_M9_lg10,1.6620088188978692,Unit root
UR_M9_lg11,1.5345662011801862,Unit root
UR_M9_lg12,1.6872873674750541,Unit root
UR_M12_lg1,1.4186122241352541,Unit root
UR_M12_lg2,1.7676861767967103,Unit root
UR_M12_lg3,2.0477707187694096,Unit root
UR_M12_lg4,2.149064362104952,Unit root
UR_M12_lg5,2.6025041170723604,Unit root
UR_M12_lg6,2.3709138653754227,Unit root
UR_M12_lg7,1.7753428092176262,Unit root
UR_M12_lg8,2.143599467306518,Unit root
UR_M12_lg9,2.573880905354503,Unit root
UR_M12_lg10,3.105608031117794,Unit root
UR_M12_lg11,2.9264835618817804,Unit root
UR_M12_lg12,2.687151362509893,Unit root
OP_M3_lg1,-0.1442505342482645,Unit root
OP_M3_lg2,-0.3454598921965434,Unit root
OP_M3_lg3,-1.2646812221155848,Unit root
OP_M3_lg4,-1.2109659126704164,Unit root
OP_M3_lg5,-1.2015009475021439,Unit root
OP_M3_lg6,-0.8963389793408403,Unit root
OP_M3_lg7,-1.1195024268364486,Unit root
OP_M3_lg8,-1.283874251132596,Unit root
OP_M3_lg9,-1.2788544136097575,Unit root
OP_M3_lg10,-1.1886037572825139,Unit root
OP_M3_lg11,-1.15695578732817,Unit root
OP_M3_lg12,-1.0200433404117055,Unit root
OP_M6_lg1,-0.8641549271007356,Unit root
OP_M6_lg2,-0.6084820330280186,Unit root
OP_M6_lg3,-1.0704850079136543,Unit root
OP_M6_lg4,-1.3706185850565598,Unit root
OP_M6_lg5,-1.2225756273059365,Unit root
OP_M6_lg6,-1.2025216399314753,Unit root
OP_M6_lg7,-1.1125549888850101,Unit root
OP_M6_lg8,-1.0890513483080622,Unit root
OP_M6_lg9,-1.160603415467489,Unit root
OP_M6_lg10,-1.088037624984717,Unit root
OP_M6_lg11,-1.2803931668327038,Unit root
OP_M6_lg12,-1.1284085658783216,Unit root
OP_M9_lg1,-1.1944301371466117,Unit root
OP_M9_lg2,-1.067733530268362,Unit root
OP_M9_lg3,-1.2665000635765988,Unit root
OP_M9_lg4,-0.7876682148321433,Unit root
OP_M9_lg5,-0.8854280963606928,Unit root
OP_M9_lg6,-0.9339385191705794,Unit root
OP_M9_lg7,-1.04035954070849,Unit root
OP_M9_lg8,-1.0190617593866478,Unit root
OP_M9_lg9,-1.0317149203778306,Unit root
OP_M9_lg10,-0.9032101567046668,Unit root
OP_M9_lg11,-1.1089284907517556,Unit root
OP_M9_lg12,-1.6961981684479872,Unit root
OP_M12_lg1,-0.6562586032470848,Unit root
OP_M12_lg2,-0.635535957668825,Unit root
OP_M12_lg3,-1.0210642570683233,Unit root
OP_M12_lg4,-0.8668672356412082,Unit root
OP_M12_lg5,-0.7508455028898294,Unit root
OP_M12_lg6,-0.8117311509386173,Unit root
OP_M12_lg7,-0.8939904922313431,Unit root
OP_M12_lg8,-1.0057817676563594,Unit root
OP_M12_lg9,-1.5847769593108094,Unit root
OP_M12_lg10,-1.0818103186017334,Unit root
OP_M12_lg11,-0.9586772487123375,Unit root
OP_M12_lg12,-0.7271608015070095,Unit root
Im_M3_lg1,0.55633675557542,Unit root
Im_M3_lg2,0.9293348024089131,Unit root
Im_M3_lg3,0.9857364772116209,Unit root
Im_M3_lg4,0.6589687070006496,Unit root
Im_M3_lg5,0.5181405331601928,Unit root
Im_M3_lg6,0.4181797729987093,Unit root
Im_M3_lg7,0.1356176392893929,Unit root
Im_M3_lg8,0.26842858147636567,Unit root
Im_M3_lg9,0.4316612641814121,Unit root
Im_M3_lg10,0.4261034234061899,Unit root
Im_M3_lg11,-0.027922969070708886,Unit root
Im_M3_lg12,0.0964802108005053,Unit root
Im_M6_lg1,0.6639927964855242,Unit root
Im_M6_lg2,0.6286844373856241,Unit root
Im_M6_lg3,0.9537636430249643,Unit root
Im_M6_lg4,0.6490303916011161,Unit root
Im_M6_lg5,0.3768480837435032,Unit root
Im_M6_lg6,0.41091733013564175,Unit root
Im_M6_lg7,0.5722895374997943,Unit root
Im_M6_lg8,0.6181163174701411,Unit root
Im_M6_lg9,0.7357073265013426,Unit root
Im_M6_lg10,0.6687453068587188,Unit root
Im_M6_lg11,0.26248779830230734,Unit root
Im_M6_lg12,0.4877438089773956,Unit root
Im_M9_lg1,0.7334619347914797,Unit root
Im_M9_lg2,0.3811635816148304,Unit root
Im_M9_lg3,0.6151435845908495,Unit root
Im_M9_lg4,0.33202359447675545,Unit root
Im_M9_lg5,0.38579496094321886,Unit root
Im_M9_lg6,0.018880417114122337,Unit root
Im_M9_lg7,-0.06513972944363892,Unit root
Im_M9_lg8,-0.08836121334881758,Unit root
Im_M9_lg9,-0.21430742031687675,Unit root
Im_M9_lg10,0.04978973135760872,Unit root
Im_M9_lg11,-0.08840053654906667,Unit root
Im_M9_lg12,0.13393737876528386,Unit root
Im_M12_lg1,0.7929709232781801,Unit root
Im_M12_lg2,1.1096067461573909,Unit root
Im_M12_lg3,0.9962286577397781,Unit root
Im_M12_lg4,0.7201163827331047,Unit root
Im_M12_lg5,0.5032307259864441,Unit root
Im_M12_lg6,0.6219794105127201,Unit root
Im_M12_lg7,0.7321554993933567,Unit root
Im_M12_lg8,0.5317497648074265,Unit root
Im_M12_lg9,0.7662206026477122,Unit root
Im_M12_lg10,0.47904145309998647,Unit root
Im_M12_lg11,0.11451534299714275,Unit root
Im_M12_lg12,0.30071142183985516,Unit root
Ex_M3_lg1,2.6501628317184704,Unit root
Ex_M3_lg2,2.588315710749252,Unit root
Ex_M3_lg3,2.205890100606517,Unit root
Ex_M3_lg4,2.551934222330307,Unit root
Ex_M3_lg5,2.576160028159923,Unit root
Ex_M3_lg6,2.5418733300715814,Unit root
Ex_M3_lg7,2.366069015423023,Unit root
Ex_M3_lg8,1.5510894725187419,Unit root
Ex_M3_lg9,1.6393982815122903,Unit root
Ex_M3_lg10,1.7975860750680257,Unit root
Ex_M3_lg11,1.7476162646004054,Unit root
Ex_M3_lg12,1.8692023563926439,Unit root
Ex_M6_lg1,3.015169763388547,Unit root
Ex_M6_lg2,3.0349163199749443,Unit root
Ex_M6_lg3,3.5330525127636663,Unit root
Ex_M6_lg4,3.4021894825846406,Unit root
Ex_M6_lg5,3.3306663067816573,Unit root
Ex_M6_lg6,3.0945254958298136,Unit root
Ex_M6_lg7,2.8453394621065233,Unit root
Ex_M6_lg8,2.8171283889484817,Unit root
Ex_M6_lg9,3.0055709390563106,Unit root
Ex_M6_lg10,2.240882960797091,Unit root
Ex_M6_lg11,2.2343338921133062,Unit root
Ex_M6_lg12,2.2342476713778257,Unit root
Ex_M9_lg1,1.608394774847861,Unit root
Ex_M9_lg2,1.7963745148744756,Unit root
Ex_M9_lg3,2.4375146375441177,Unit root
Ex_M9_lg4,1.4048305941473176,Unit root
Ex_M9_lg5,1.403707315566416,Unit root
Ex_M9_lg6,2.710895527661408,Unit root
Ex_M9_lg7,2.6525161144580145,Unit root
Ex_M9_lg8,2.60036104954528,Unit root
Ex_M9_lg9,2.394449984246949,Unit root
Ex_M9_lg10,2.175611371796814,Unit root
Ex_M9_lg11,1.9356803769839874,Unit root
Ex_M9_lg12,1.4702568478579674,Unit root
Ex_M12_lg1,4.738852299918571,Unit root
Ex_M12_lg2,2.650601241075736,Unit root
Ex_M12_lg3,3.164900898083096,Unit root
Ex_M12_lg4,3.053545006154071,Unit root
Ex_M12_lg5,3.064313899048583,Unit root
Ex_M12_lg6,2.8557005350476183,Unit root
Ex_M12_lg7,2.9033430482973337,Unit root
Ex_M12_lg8,2.613187754603597,Unit root
Ex_M12_lg9,2.6355018214337163,Unit root
Ex_M12_lg10,2.303050623689849,Unit root
Ex_M12_lg11,2.041769713993206,Unit root
Ex_M12_lg12,2.21644951624741,Unit root
PCI_M3_lg1,2.267846765525065,Unit root
PCI_M3_lg2,2.2705289406339815,Unit root
PCI_M3_lg3,1.7541134116081833,Unit root
PCI_M3_lg4,1.8169228493748235,Unit root
PCI_M3_lg5,2.0666521675619984,Unit root
PCI_M3_lg6,2.067805666089412,Unit root
PCI_M3_lg7,1.9970923814022363,Unit root
PCI_M3_lg8,2.6324467163301457,Unit root
PCI_M3_lg9,2.422574421569299,Unit root
PCI_M3_lg10,2.6112761369699924,Unit root
PCI_M3_lg11,2.228557620521066,Unit root
PCI_M3_lg12,2.417884067834027,Unit root
PCI_M6_lg1,2.0415144606356628,Unit root
PCI_M6_lg2,2.1588526536933106,Unit root
PCI_M6_lg3,1.8994919249371047,Unit root
PCI_M6_lg4,2.2111005097224035,Unit root
PCI_M6_lg5,2.586179190795268,Unit root
PCI_M6_lg6,2.3816066517424512,Unit root
PCI_M6_lg7,2.357801922210794,Unit root
PCI_M6_lg8,3.2116750567350487,Unit root
PCI_M6_lg9,2.789420216011568,Unit root
PCI_M6_lg10,2.9736291370791474,Unit root
PCI_M6_lg11,2.5263164285313855,Unit root
PCI_M6_lg12,2.750563407055132,Unit root
PCI_M9_lg1,1.8424593897529535,Unit root
PCI_M9_lg2,2.2237447424017125,Unit root
PCI_M9_lg3,1.553566470299078,Unit root
PCI_M9_lg4,1.622837212520571,Unit root
PCI_M9_lg5,2.5288831332580433,Unit root
PCI_M9_lg6,2.5444036058594364,Unit root
PCI_M9_lg7,2.8962061949298947,Unit root
PCI_M9_lg8,3.3793526694763862,Unit root
PCI_M9_lg9,3.6276500813402026,Unit root
PCI_M9_lg10,3.48802022858118,Unit root
PCI_M9_lg11,3.200727880202697,Unit root
PCI_M9_lg12,3.3999005085240523,Unit root
PCI_M12_lg1,2.6735925714971964,Unit root
PCI_M12_lg2,2.5566726994907447,Unit root
PCI_M12_lg3,2.32616112972092,Unit root
PCI_M12_lg4,2.0744461885881673,Unit root
PCI_M12_lg5,3.049951091366528,Unit root
PCI_M12_lg6,2.8541606909471247,Unit root
PCI_M12_lg7,2.6292447410333972,Unit root
PCI_M12_lg8,1.8497902761302092,Unit root
PCI_M12_lg9,2.376430406240467,Unit root
PCI_M12_lg10,1.9751686521932081,Unit root
PCI_M12_lg11,1.9218543718883063,Unit root
PCI_M12_lg12,1.9287814670060732,Unit root
CCI_M3_lg1,-0.66583082640218,Unit root
CCI_M3_lg2,-0.317496773208052,Unit root
CCI_M3_lg3,-0.45988177971881716,Unit root
CCI_M3_lg4,0.6133284104990052,Unit root
CCI_M3_lg5,-0.07895191344185362,Unit root
CCI_M3_lg6,0.1838830490759871,Unit root
CCI_M3_lg7,0.9334207384819421,Unit root
CCI_M3_lg8,0.9843183633190621,Unit root
CCI_M3_lg9,1.2217187882012055,Unit root
CCI_M3_lg10,1.3488961994204842,Unit root
CCI_M3_lg11,0.9139610483921544,Unit root
CCI_M3_lg12,0.46432408353107585,Unit root
CCI_M6_lg1,-0.3665449290302629,Unit root
CCI_M6_lg2,0.04230739933339432,Unit root
CCI_M6_lg3,0.31841950706562405,Unit root
CCI_M6_lg4,0.5781245978594786,Unit root
CCI_M6_lg5,0.4050469899284957,Unit root
CCI_M6_lg6,0.6525453759314193,Unit root
CCI_M6_lg7,0.7412910670568015,Unit root
CCI_M6_lg8,0.6057285627059409,Unit root
CCI_M6_lg9,0.4491998824963822,Unit root
CCI_M6_lg10,0.538822098840697,Unit root
CCI_M6_lg11,0.4597127959302699,Unit root
CCI_M6_lg12,0.3872432783245175,Unit root
CCI_M9_lg1,0.6168684937910939,Unit root
CCI_M9_lg2,0.8162832728570634,Unit root
CCI_M9_lg3,1.039554715624781,Unit root
CCI_M9_lg4,1.1120411532878682,Unit root
CCI_M9_lg5,0.8743704487019489,Unit root
CCI_M9_lg6,0.3767315147989161,Unit root
CCI_M9_lg7,0.19866543112938664,Unit root
CCI_M9_lg8,0.25093500313650147,Unit root
CCI_M9_lg9,0.35780408306478273,Unit root
CCI_M9_lg10,0.7146983433541737,Unit root
CCI_M9_lg11,0.525141262869639,Unit root
CCI_M9_lg12,0.27438915481667003,Unit root
CCI_M12_lg1,-0.08981397087685601,Unit root
CCI_M12_lg2,-0.04789477207760006,Unit root
CCI_M12_lg3,-0.03343795612763223,Unit root
CCI_M12_lg4,-0.1709361417316163,Unit root
CCI_M12_lg5,0.01140814031884423,Unit root
CCI_M12_lg6,-0.08258148208680298,Unit root
CCI_M12_lg7,0.18293098328069754,Unit root
CCI_M12_lg8,0.1510349917321366,Unit root
CCI_M12_lg9,0.01566551893675057,Unit root
CCI_M12_lg10,0.14141150869736002,Unit root
CCI_M12_lg11,0.008168247869441304,Unit root
CCI_M12_lg12,0.18518888426704325,Unit root
API_M3_lg1,-0.7180600832900096,Unit root
API_M3_lg2,-0.8085696816796121,Unit root
API_M3_lg3,-0.8150481064948615,Unit root
API_M3_lg4,-0.8181440275605769,Unit root
API_M3_lg5,-1.0010939097270488,Unit root
API_M3_lg6,-1.0644896289726558,Unit root
API_M3_lg7,-1.0074731002767057,Unit root
API_M3_lg8,-1.2040882876521268,Unit root
API_M3_lg9,-1.5409440188575165,Unit root
API_M3_lg10,-1.3196317035545162,Unit root
API_M3_lg11,-1.4140521436041,Unit root
API_M3_lg12,-1.3074986061669442,Unit root
API_M6_lg1,-1.0173595270359626,Unit root
API_M6_lg2,-1.0744753827257225,Unit root
API_M6_lg3,-1.2179521314114738,Unit root
API_M6_lg4,-1.2280043995469005,Unit root
API_M6_lg5,-1.1899874987695098,Unit root
API_M6_lg6,-1.1591951244518202,Unit root
API_M6_lg7,-1.2083718072960548,Unit root
API_M6_lg8,-1.3594320164466198,Unit root
API_M6_lg9,-1.6898905319577948,Unit root
API_M6_lg10,-1.7647556317343474,Unit root
API_M6_lg11,-1.9262329062924906,Unit root
API_M6_lg12,-2.0945403496446993,Stationary
API_M9_lg1,-1.3699600072727875,Unit root
API_M9_lg2,-1.3791415638131483,Unit root
API_M9_lg3,-1.253943400609978,Unit root
API_M9_lg4,-1.303266239034552,Unit root
API_M9_lg5,-1.3088012226137342,Unit root
API_M9_lg6,-1.0341370027351158,Unit root
API_M9_lg7,-1.0710290489201706,Unit root
API_M9_lg8,-1.3569487636166637,Unit root
API_M9_lg9,-1.3227999999625581,Unit root
API_M9_lg10,-1.4852458201720231,Unit root
API_M9_lg11,-1.5431285820521197,Unit root
API_M9_lg12,-1.3371104257440758,Unit root
API_M12_lg1,-1.4632378847251295,Unit root
API_M12_lg2,-1.7393679600843523,Unit root
API_M12_lg3,-1.8775894401840307,Unit root
API_M12_lg4,-1.5386628795880395,Unit root
API_M12_lg5,-1.4776643920592227,Unit root
API_M12_lg6,-1.5810929660294308,Unit root
API_M12_lg7,-1.374263320042201,Unit root
API_M12_lg8,-1.462653837807468,Unit root
API_M12_lg9,-2.352996694094447,Stationary
API_M12_lg10,-2.652812767816582,Stationary
API_M12_lg11,-2.719872665886786,Stationary
API_M12_lg12,-2.5377990509324597,Stationary
PII_M3_lg1,1.8303045293572766,Unit root
PII_M3_lg2,1.640363338257347,Unit root
PII_M3_lg3,1.827259246542559,Unit root
PII_M3_lg4,2.6545509479015017,Unit root
PII_M3_lg5,2.8303922724105153,Unit root
PII_M3_lg6,2.5431239765622,Unit root
PII_M3_lg7,2.306355674669155,Unit root
PII_M3_lg8,2.0557576228455052,Unit root
PII_M3_lg9,1.8528191943544723,Unit root
PII_M3_lg10,1.6817526871112936,Unit root
PII_M3_lg11,1.410256132327316,Unit root
PII_M3_lg12,1.248394485614935,Unit root
PII_M6_lg1,1.6124623909277302,Unit root
PII_M6_lg2,2.296012942206488,Unit root
PII_M6_lg3,1.488975839687041,Unit root
PII_M6_lg4,1.5113427220656088,Unit root
PII_M6_lg5,1.674654430706782,Unit root
PII_M6_lg6,1.587338870393273,Unit root
PII_M6_lg7,1.5335577656283805,Unit root
PII_M6_lg8,1.381302949929032,Unit root
PII_M6_lg9,1.3605617084771224,Unit root
PII_M6_lg10,1.2588283303842118,Unit root
PII_M6_lg11,1.063748491596218,Unit root
PII_M6_lg12,0.9446132669001729,Unit root
PII_M9_lg1,1.9487257290503581,Unit root
PII_M9_lg2,1.8172995191375318,Unit root
PII_M9_lg3,1.8145108872988758,Unit root
PII_M9_lg4,2.3258825158104237,Unit root
PII_M9_lg5,1.7092243473548403,Unit root
PII_M9_lg6,1.6882656970700554,Unit root
PII_M9_lg7,1.6002469046139327,Unit root
PII_M9_lg8,1.4993709468501375,Unit root
PII_M9_lg9,1.0726125978189394,Unit root
PII_M9_lg10,1.301961316188472,Unit root
PII_M9_lg11,0.9683776432543207,Unit root
PII_M9_lg12,1.053432023435145,Unit root
PII_M12_lg1,1.6420802597227144,Unit root
PII_M12_lg2,1.5529021129568152,Unit root
PII_M12_lg3,1.6641171977941498,Unit root
PII_M12_lg4,1.710334181087281,Unit root
PII_M12_lg5,1.5650800899039767,Unit root
PII_M12_lg6,1.3163344437324331,Unit root
PII_M12_lg7,1.1479660561367582,Unit root
PII_M12_lg8,1.1204853464985425,Unit root
PII_M12_lg9,1.1983172844231422,Unit root
PII_M12_lg10,0.9719328599862829,Unit root
PII_M12_lg11,0.5729244828807086,Unit root
PII_M12_lg12,0.3175664364345117,Unit root
MPI_M3_lg1,1.7531001442374459,Unit root
MPI_M3_lg2,1.492852836709371,Unit root
MPI_M3_lg3,1.9253886047248847,Unit root
MPI_M3_lg4,1.9433495947929964,Unit root
MPI_M3_lg5,1.5760770052161688,Unit root
MPI_M3_lg6,1.4106653975813357,Unit root
MPI_M3_lg7,1.1164467631684845,Unit root
MPI_M3_lg8,1.1648116893960432,Unit root
MPI_M3_lg9,1.1660712958690407,Unit root
MPI_M3_lg10,0.9583385439059201,Unit root
MPI_M3_lg11,0.8764554148049217,Unit root
MPI_M3_lg12,0.6681500028718166,Unit root
MPI_M6_lg1,1.7518708491998536,Unit root
MPI_M6_lg2,1.2178154935606602,Unit root
MPI_M6_lg3,1.483116622906257,Unit root
MPI_M6_lg4,1.3589231302762304,Unit root
MPI_M6_lg5,1.261311297504952,Unit root
MPI_M6_lg6,1.2857322771596909,Unit root
MPI_M6_lg7,1.0500005908969945,Unit root
MPI_M6_lg8,1.362969648972347,Unit root
MPI_M6_lg9,1.0973297564112525,Unit root
MPI_M6_lg10,0.8786963403722228,Unit root
MPI_M6_lg11,0.34159595253597436,Unit root
MPI_M6_lg12,0.1612468043208982,Unit root
MPI_M9_lg1,1.5414884493572198,Unit root
MPI_M9_lg2,1.6238471427638899,Unit root
MPI_M9_lg3,1.8287487071548714,Unit root
MPI_M9_lg4,1.574935958918916,Unit root
MPI_M9_lg5,1.6277174173137081,Unit root
MPI_M9_lg6,1.4004722320604057,Unit root
MPI_M9_lg7,1.067482368131648,Unit root
MPI_M9_lg8,1.1650427621858268,Unit root
MPI_M9_lg9,0.9623087942697374,Unit root
MPI_M9_lg10,0.5799051605306604,Unit root
MPI_M9_lg11,0.3591547733991892,Unit root
MPI_M9_lg12,0.06412779548564161,Unit root
MPI_M12_lg1,1.2589034026434396,Unit root
MPI_M12_lg2,1.1356693588394688,Unit root
MPI_M12_lg3,1.1033118262857091,Unit root
MPI_M12_lg4,1.073830055083669,Unit root
MPI_M12_lg5,0.5676355169249474,Unit root
MPI_M12_lg6,0.24481265141325792,Unit root
MPI_M12_lg7,0.04118209935137715,Unit root
MPI_M12_lg8,0.02810394567920723,Unit root
MPI_M12_lg9,-0.2563030524438251,Unit root
MPI_M12_lg10,-0.5030815119684197,Unit root
MPI_M12_lg11,-0.9093018605654871,Unit root
MPI_M12_lg12,-1.2590856696756512,Unit root
PIR_M3_lg1,-0.9465342801931118,Unit root
PIR_M3_lg2,-0.9388128935367608,Unit root
PIR_M3_lg3,-0.9009287860135625,Unit root
PIR_M3_lg4,-1.0907049148783403,Unit root
PIR_M3_lg5,-1.884373641230538,Unit root
PIR_M3_lg6,-0.7790608044187933,Unit root
PIR_M3_lg7,-0.7985882155636477,Unit root
PIR_M3_lg8,-1.0376826564160944,Unit root
PIR_M3_lg9,-1.0258599317276214,Unit root
PIR_M3_lg10,-2.3357827632949593,Stationary
PIR_M3_lg11,-2.1904509902532276,Stationary
PIR_M3_lg12,-2.271626587611079,Stationary
PIR_M6_lg1,-0.661348893315958,Unit root
PIR_M6_lg2,-0.6655080728623386,Unit root
PIR_M6_lg3,-0.7568236916726048,Unit root
PIR_M6_lg4,-0.9302380664353829,Unit root
PIR_M6_lg5,-0.9606261954768837,Unit root
PIR_M6_lg6,-1.0391175364554561,Unit root
PIR_M6_lg7,-1.0757571004920992,Unit root
PIR_M6_lg8,-1.113824689563409,Unit root
PIR_M6_lg9,-1.153404228958855,Unit root
PIR_M6_lg10,-1.471685414902635,Unit root
PIR_M6_lg11,-1.4353850284700833,Unit root
PIR_M6_lg12,-1.433299628616038,Unit root
PIR_M9_lg1,-1.310638318987433,Unit root
PIR_M9_lg2,-1.2115198764944308,Unit root
PIR_M9_lg3,-1.238207234005591,Unit root
PIR_M9_lg4,-1.2589009776484408,Unit root
PIR_M9_lg5,-0.13087202172293946,Unit root
PIR_M9_lg6,-0.14240834428826543,Unit root
PIR_M9_lg7,-0.17041564903179812,Unit root
PIR_M9_lg8,-0.1985968448420546,Unit root
PIR_M9_lg9,-0.24730817615972844,Unit root
PIR_M9_lg10,-0.1753860944371967,Unit root
PIR_M9_lg11,-0.23835255936216862,Unit root
PIR_M9_lg12,-0.22304274945635458,Unit root
PIR_M12_lg1,-0.9705298439294677,Unit root
PIR_M12_lg2,-0.5884649014680193,Unit root
PIR_M12_lg3,-0.6059766368182714,Unit root
PIR_M12_lg4,-0.8536245799300756,Unit root
PIR_M12_lg5,-1.324222989309291,Unit root
PIR_M12_lg6,-1.1003694809660887,Unit root
PIR_M12_lg7,-1.1371828330505669,Unit root
PIR_M12_lg8,-1.1587253451942376,Unit root
PIR_M12_lg9,-1.2150433983881428,Unit root
PIR_M12_lg10,-1.2572291348859577,Unit root
PIR_M12_lg11,-1.7865797174902125,Unit root
PIR_M12_lg12,-1.7969649776821714,Unit root
UR_C_lg1,-1.781126771966043,Unit root
UR_C_lg2,-1.9991988551628233,Stationary
UR_C_lg3,-2.0884601332202517,Stationary
UR_C_lg4,-2.0958954325713366,Stationary
UR_C_lg5,-2.2607878353455253,Stationary
UR_C_lg6,-2.576139789847325,Stationary
UR_C_lg7,-2.071480401485087,Stationary
UR_C_lg8,-1.9561392182759894,Stationary
UR_C_lg9,-1.7100974411431076,Unit root
UR_C_lg10,-1.7950062210580224,Unit root
UR_C_lg11,-1.750742023399855,Unit root
UR_C_lg12,-1.6901195983445125,Unit root
PIR_C_lg1,-1.6254911736730109,Unit root
PIR_C_lg2,-1.7824723134659823,Unit root
PIR_C_lg3,-1.3804966776037442,Unit root
PIR_C_lg4,-2.3171584762402744,Stationary
PIR_C_lg5,-1.7117390518321556,Unit root
PIR_C_lg6,-1.6748264168199554,Unit root
PIR_C_lg7,-1.4606918530803032,Unit root
PIR_C_lg8,-1.435353950722755,Unit root
PIR_C_lg9,-1.3210865454720875,Unit root
PIR_C_lg10,-1.1112314589166212,Unit root
PIR_C_lg11,-1.1069234163658543,Unit root
PIR_C_lg12,-1.1026650929304125,Unit root
FDI_C_lg1,-0.788343144357817,Unit root
FDI_C_lg2,-1.287734314889585,Unit root
FDI_C_lg3,-1.2374685339426956,Unit root
FDI_C_lg4,-1.077480383824556,Unit root
FDI_C_lg5,-1.2128231043215538,Unit root
FDI_C_lg6,-1.032441350297759,Unit root
FDI_C_lg7,-1.2111209593323118,Unit root
FDI_C_lg8,-1.0365753585459672,Unit root
FDI_C_lg9,-0.6652534404444709,Unit root
FDI_C_lg10,-0.46942844750420704,Unit root
FDI_C_lg11,-0.2762098170427536,Unit root
FDI_C_lg12,-0.23551797551642015,Unit root
HD_C_lg1,-0.8798598873916658,Unit root
HD_C_lg2,-1.340798441991465,Unit root
HD_C_lg3,-0.9682387078051335,Unit root
HD_C_lg4,-0.9013676115892468,Unit root
HD_C_lg5,-1.0879147284287456,Unit root
HD_C_lg6,-0.7746084876479333,Unit root
HD_C_lg7,-0.4898040190001703,Unit root
HD_C_lg8,-1.0119863513765002,Unit root
HD_C_lg9,-1.2927768013145597,Unit root
HD_C_lg10,-1.331799989008899,Unit root
HD_C_lg11,-1.6068302902592178,Unit root
HD_C_lg12,-1.4408166557567827,Unit root
GDP_C_lg1,0.27779828738441137,Unit root
GDP_C_lg2,-0.2144205938025708,Unit root
GDP_C_lg3,0.02606549867218634,Unit root
GDP_C_lg4,0.6171274065513281,Unit root
GDP_C_lg5,0.6566255029322079,Unit root
GDP_C_lg6,1.4725556084677405,Unit root
GDP_C_lg7,2.4186799950461824,Unit root
GDP_C_lg8,2.298975845720723,Unit root
GDP_C_lg9,0.9005797096317365,Unit root
GDP_C_lg10,0.88713421299239,Unit root
GDP_C_lg11,0.7822953437544531,Unit root
GDP_C_lg12,0.20439155925552355,Unit root
RSI_C_lg1,0.2121027821448111,Unit root
RSI_C_lg2,-0.4182983961950314,Unit root
RSI_C_lg3,0.0650265058345177,Unit root
RSI_C_lg4,-0.631451638138977,Unit root
RSI_C_lg5,-0.98624922371461,Unit root
RSI_C_lg6,-0.8558810856329413,Unit root
RSI_C_lg7,-0.8146768600831215,Unit root
RSI_C_lg8,-0.852137929077574,Unit root
RSI_C_lg9,-0.797901451387989,Unit root
RSI_C_lg10,-1.1176388463303528,Unit root
RSI_C_lg11,-1.6083551603908226,Unit root
RSI_C_lg12,-1.4901497156827905,Unit root
CPI_C_lg1,-2.74621371820825,Stationary
CPI_C_lg2,-2.6861696751201234,Stationary
CPI_C_lg3,-2.626134883818418,Stationary
CPI_C_lg4,-3.176048648149136,Stationary
CPI_C_lg5,-2.411402568958325,Stationary
CPI_C_lg6,-1.8568801355436615,Unit root
CPI_C_lg7,-2.140140997563079,Stationary
CPI_C_lg8,-1.7531765901911125,Unit root
CPI_C_lg9,-1.9064683730907348,Unit root
CPI_C_lg10,-1.9868907878179918,Stationary
CPI_C_lg11,-1.8343410938507394,Unit root
CPI_C_lg12,-2.159750670990562,Stationary
Wage_C_lg1,-2.3860174043056768,Stationary
Wage_C_lg2,-1.9054055524732907,Unit root
Wage_C_lg3,-1.8144678780392696,Unit root
Wage_C_lg4,-1.5650965810328052,Unit root
Wage_C_lg5,-1.9698597564914935,Stationary
Wage_C_lg6,-2.018664175751849,Stationary
Wage_C_lg7,-1.6283663733354887,Unit root
Wage_C_lg8,-1.6118685223127747,Unit root
Wage_C_lg9,-1.246921112702479,Unit root
Wage_C_lg10,-2.0261161590538497,Stationary
Wage_C_lg11,-2.1085550708564136,Stationary
Wage_C_lg12,-1.8721773428909712,Unit root
OP_C_lg1,-1.2218183645658829,Unit root
OP_C_lg2,-1.1981333658247932,Unit root
OP_C_lg3,-1.2379115582541445,Unit root
OP_C_lg4,-1.1639566974486832,Unit root
OP_C_lg5,-1.090062440869629,Unit root
OP_C_lg6,-1.1453496450689729,Unit root
OP_C_lg7,-1.261240184435146,Unit root
OP_C_lg8,-1.2910318574408537,Unit root
OP_C_lg9,-1.4042849790084622,Unit root
OP_C_lg10,-1.3969507810050017,Unit root
OP_C_lg11,-1.4839043644529526,Unit root
OP_C_lg12,-1.3785350890055668,Unit root
Im_C_lg1,-0.5302076441707833,Unit root
Im_C_lg2,-0.31312530816931855,Unit root
Im_C_lg3,-0.48073367031881964,Unit root
Im_C_lg4,-0.9045037112108977,Unit root
Im_C_lg5,-1.0139251722523484,Unit root
Im_C_lg6,-1.0979600504739158,Unit root
Im_C_lg7,-1.0178555285002864,Unit root
Im_C_lg8,-1.0269232330470646,Unit root
Im_C_lg9,-0.6278368690522544,Unit root
Im_C_lg10,-0.9205391488615843,Unit root
Im_C_lg11,-1.1520910992780287,Unit root
Im_C_lg12,-1.1422395915575974,Unit root
Ex_C_lg1,-4.54797969668512,Stationary
Ex_C_lg2,-4.3080449518715564,Stationary
Ex_C_lg3,-4.1791467605960495,Stationary
Ex_C_lg4,-4.237932434094655,Stationary
Ex_C_lg5,-4.382370871532771,Stationary
Ex_C_lg6,-4.4624190228622105,Stationary
Ex_C_lg7,-4.575335223872375,Stationary
Ex_C_lg8,-4.5968705918867085,Stationary
Ex_C_lg9,-4.403455960875597,Stationary
Ex_C_lg10,-4.242071085309933,Stationary
Ex_C_lg11,-4.44719324755157,Stationary
Ex_C_lg12,-4.778170603867119,Stationary
PCI_C_lg1,-0.03946286444294998,Unit root
PCI_C_lg2,-0.24284088189343378,Unit root
PCI_C_lg3,0.13894339833460023,Unit root
PCI_C_lg4,0.07214596222379868,Unit root
PCI_C_lg5,-0.13297482110121048,Unit root
PCI_C_lg6,-0.17223755316366596,Unit root
PCI_C_lg7,-0.26586527833739065,Unit root
PCI_C_lg8,-0.45333649377109553,Unit root
PCI_C_lg9,-0.3369749675091035,Unit root
PCI_C_lg10,-0.43167465317650794,Unit root
PCI_C_lg11,-0.16364481900642003,Unit root
PCI_C_lg12,-0.3488535400975141,Unit root
CCI_C_lg1,-1.9704071004094925,Stationary
CCI_C_lg2,-2.0023360663544048,Stationary
CCI_C_lg3,-2.0251553593966993,Stationary
CCI_C_lg4,-2.1082405039331813,Stationary
CCI_C_lg5,-2.7677641587566666,Stationary
CCI_C_lg6,-2.8148629266764584,Stationary
CCI_C_lg7,-2.766436159280372,Stationary
CCI_C_lg8,-2.981562302020349,Stationary
CCI_C_lg9,-2.7864162222676296,Stationary
CCI_C_lg10,-3.320601374899594,Stationary
CCI_C_lg11,-3.2872710005764434,Stationary
CCI_C_lg12,-2.3494991538634595,Stationary
API_C_lg1,-2.576246568040587,Stationary
API_C_lg2,-2.508366364777485,Stationary
API_C_lg3,-2.5293622115384355,Stationary
API_C_lg4,-2.5615515844395538,Stationary
API_C_lg5,-2.557378140451491,Stationary
API_C_lg6,-2.5189819602689005,Stationary
API_C_lg7,-1.4757457168306953,Unit root
API_C_lg8,-1.6261989233178362,Unit root
API_C_lg9,-1.4149948621415684,Unit root
API_C_lg10,-2.2066758205479573,Stationary
API_C_lg11,-1.683025921085511,Unit root
API_C_lg12,-1.3063503777066738,Unit root
PII_C_lg1,-1.3874065118361523,Unit root
PII_C_lg2,-1.575516013179359,Unit root
PII_C_lg3,-1.0872911081117222,Unit root
PII_C_lg4,-1.2432414489489239,Unit root
PII_C_lg5,-1.0636060345945215,Unit root
PII_C_lg6,-1.3981022953454862,Unit root
PII_C_lg7,-1.6594403451028825,Unit root
PII_C_lg8,-2.2874620349187547,Stationary
PII_C_lg9,-2.1275234036141484,Stationary
PII_C_lg10,-2.03654623203989,Stationary
PII_C_lg11,-2.2277656194379616,Stationary
PII_C_lg12,-2.866589585067082,Stationary
MPI_C_lg1,-2.8846816707257656,Stationary
MPI_C_lg2,-2.5721789050968518,Stationary
MPI_C_lg3,-2.1950286125079463,Stationary
MPI_C_lg4,-1.5603100882968752,Unit root
MPI_C_lg5,-1.4377283324434842,Unit root
MPI_C_lg6,-1.4294857309939222,Unit root
MPI_C_lg7,-1.5068201947194588,Unit root
MPI_C_lg8,-1.6162001340288308,Unit root
MPI_C_lg9,-1.8205800167753854,Unit root
MPI_C_lg10,-2.4866064986211414,Stationary
MPI_C_lg11,-3.1359782453674385,Stationary
MPI_C_lg12,-2.9510643128117255,Stationary
