Rating,Aaa,Aa1,Aa2,Aa3,A1,A2,A3,Baa1,Baa2,Baa3,Ba1,Ba2,Ba3,B1,B2,B3,Caa1,Caa2,Caa3,Ca,C,Default
Aaa,0.9379861,0.0414682,0.0155063,0.0023707,0.001141,0.0002249,0,0.0007173,0,0.0002249,0.0001802,0.0001802,0,0,0,0,0,0,0,0,0,0
Aa1,0.024086,0.8132326,0.0920189,0.0512439,0.0159675,0.0005486,0.0011029,0.0003093,0.0007707,0.000104,0.0001994,0,0,0,0,0,0.000104,0.000312,0,0,0,0
Aa2,0.0078882,0.0407811,0.7935168,0.1040467,0.0361597,0.0142551,0.0013412,0.0008628,0.0004314,0,0.0002072,0.0001495,0,0.000153,0,0,0,0.0001036,0,0.0001036,0,0
Aa3,0.0009436,0.0088823,0.0454942,0.7952064,0.0959817,0.0382319,0.0070052,0.0030353,0.002672,0.0012283,0.0001866,0,0.0001866,0,0,0,0,0,0,0,0,0.0009457
A1,9.27E-05,0.0009494,0.0108636,0.0621145,0.7905294,0.083711,0.0310349,0.0094933,0.0039361,0.0022374,0.0020886,0.0015757,0.0002741,0.0005428,0.0001083,0,0,0,0,0,0,0.0004481
A2,0.0011461,0.0010113,0.0027847,0.0110754,0.0727138,0.7799942,0.0737702,0.0321615,0.0118482,0.0051166,0.0032733,0.0022973,0.0015137,0.0003851,0.0003178,7.43E-05,0,0.0001125,8.86053E-05,0,0,0.0003154
A3,0.0013214,0.0007428,0.0009679,0.0043906,0.0225228,0.0799707,0.7790764,0.0628155,0.0252666,0.011346,0.0046855,0.0015288,0.0013372,0.0023077,0.0006345,0.0003541,0,0.000147,0.0001235,0,0,0.0004608
Baa1,0.0001265,0.0002365,0.0012827,0.0015249,0.0055281,0.0320682,0.0849261,0.7581889,0.0679349,0.0278994,0.0077779,0.003749,0.0023021,0.0033977,0.0002032,0.0006976,0.0001253,0.0003928,0,0.000398,0,0.0012402
Baa2,0.000129,0.0001815,0.0009521,0.0010089,0.0027896,0.0104905,0.0413835,0.091027,0.7533828,0.0630162,0.01474,0.0045483,0.0053114,0.0051313,0.0022609,7.29E-05,0.0001196,0.0015835,0.0004399,7.43384E-05,0,0.0013567
Baa3,0,0.0001595,0.000235,0.0008116,0.0019408,0.0043349,0.0071647,0.0332359,0.0987222,0.7469802,0.0560165,0.018223,0.012682,0.006351,0.0032045,0.0061985,0.0003605,0.0009085,0.0001001,0.0002024,0,0.0021682
Ba1,0,0,0.0001624,0,0.0034555,0.0034725,0.0067974,0.0153589,0.0337461,0.1009029,0.7141965,0.0480286,0.0397163,0.0169667,0.0052813,0.004628,0.0009764,0.0016339,0.001405,0.001003,0.0001624,0.0021061
Ba2,0,0,0,0,0.0017534,0.0023348,0.004632,0.0044357,0.0105097,0.0558638,0.0983641,0.6548004,0.0648074,0.042807,0.0245533,0.0127594,0.0031725,0.0086571,0.0026249,0,0.0003814,0.007543
Ba3,0,0,0,0,0.0039015,0.0075927,0.0033344,0.000949,0.0113298,0.0164918,0.047408,0.0895012,0.6528417,0.0706858,0.0249605,0.0172521,0.0092372,0.0212742,0.000446,0.0063044,0.000223,0.0162668
B1,0,0,0,0,0,0,0.0010346,0.0011783,0.0045408,0.0166023,0.0156988,0.0564479,0.0852603,0.6586274,0.069353,0.0375992,0.0110316,0.017988,0.0003987,0.0081839,0.000571,0.015484
B2,0,0.000448,0,0.0004554,0,0,0.0039568,0.0013441,0.0052474,0.0030541,0.0063808,0.011847,0.0316028,0.104894,0.6617133,0.0574858,0.0306566,0.0357696,0.0019738,0.0075417,0,0.0356289
B3,0,0,0,0,0.0138889,0.0017361,0.002525,0.0005447,0.0008418,0.0005447,0.002793,0.0061151,0.035548,0.0341624,0.106339,0.6389489,0.0449962,0.0460734,0.0028779,0.0123878,0.0007486,0.0489286
Caa1,0,0,0,0,0,0,0,0,0,0.0039985,0.0059859,0.0050679,0.0075985,0.0081886,0.034108,0.176532,0.6113464,0.056665,0.0348561,0.0016151,0.0024605,0.0515774
Caa2,0,0,0,0,0,0.0019841,0,0,0,0.0064935,0,0.0039683,0.0055556,0.0060764,0.0347012,0.0494203,0.0812913,0.5938622,0.053029,0.0113521,0.0326224,0.1196437
Caa3,0,0,0,0,0,0,0,0,0,0,0,0,0,0.0109127,0.004329,0.0415155,0.0718254,0.1207758,0.5252757,0.048301,0.035582,0.1414829
Ca,0,0,0,0,0,0,0,0,0,0,0.0046083,0,0,0,0.0046083,0.0264977,0.0634809,0.0337007,0.0890002,0.5753455,0.0209677,0.1817906
C,0,0,0,0,0,0,0,0.0138889,0,0,0,0.0138889,0.0138889,0,0,0.0069444,0,0.0243056,0.0104167,0.0347222,0.6493056,0.2326389
Default,0,0,0,0,0,0,0,0,0,0,0,0,0,0,0,0,0,0,0,0,0,1
